2,30.83,0,1,1,10,1,1.25,1,1,1,2,1,202,0,2
1,58.67,4.46,1,1,9,2,3.04,1,1,6,2,1,43,560,2
1,24.5,0.5,1,1,9,2,1.5,1,2,0,2,1,280,824,2
2,27.83,1.54,1,1,10,1,3.75,1,1,5,1,1,100,3,2
2,20.17,5.625,1,1,10,1,1.71,1,2,0,2,3,120,0,2
2,32.08,4,1,1,7,1,2.5,1,2,0,1,1,360,0,2
2,33.17,1.04,1,1,8,2,6.5,1,2,0,1,1,164,31285,2
1,22.92,11.585,1,1,3,1,0.04,1,2,0,2,1,80,1349,2
2,54.42,0.5,2,2,6,2,3.96,1,2,0,2,1,180,314,2
2,42.5,4.915,2,2,10,1,3.165,1,2,0,1,1,52,1442,2
2,22.08,0.83,1,1,1,2,2.165,2,2,0,1,1,128,0,2
2,29.92,1.835,1,1,1,2,4.335,1,2,0,2,1,260,200,2
1,38.25,6,1,1,6,1,1,1,2,0,1,1,0,0,2
2,48.08,6.04,1,1,6,1,0.04,2,2,0,2,1,0,2690,2
1,45.83,10.5,1,1,9,1,5,1,1,7,1,1,0,0,2
2,36.67,4.415,2,2,6,1,0.25,1,1,10,1,1,320,0,2
2,28.25,0.875,1,1,7,1,0.96,1,1,3,1,1,396,0,2
1,23.25,5.875,1,1,9,1,3.17,1,1,10,2,1,120,245,2
2,21.83,0.25,1,1,2,2,0.665,1,2,0,1,1,0,0,2
1,19.17,8.585,1,1,3,2,0.75,1,1,7,2,1,96,0,2
2,25,11.25,1,1,1,1,2.5,1,1,17,2,1,200,1208,2
2,23.25,1,1,1,1,1,0.835,1,2,0,2,3,300,0,2
1,47.75,8,1,1,1,1,7.875,1,1,6,1,1,0,1260,2
1,27.42,14.5,1,1,11,2,3.085,1,1,1,2,1,120,11,2
1,41.17,6.5,1,1,9,1,0.5,1,1,3,1,1,145,0,2
1,15.83,0.585,1,1,1,2,1.5,1,1,2,2,1,100,0,2
1,47,13,1,1,4,3,5.165,1,1,9,1,1,0,0,2
2,56.58,18.5,1,1,2,3,15,1,1,17,1,1,0,0,2
2,57.42,8.5,1,1,12,2,7,1,1,3,2,1,0,0,2
2,42.08,1.04,1,1,10,1,5,1,1,6,1,1,500,10000,2
2,29.25,14.79,1,1,13,1,5.04,1,1,5,1,1,168,0,2
2,42,9.79,1,1,11,2,7.96,1,1,8,2,1,0,0,2
2,49.5,7.585,1,1,4,3,7.585,1,1,15,1,1,0,5000,2
1,36.75,5.125,1,1,12,1,5,1,2,0,1,1,0,4000,2
1,22.58,10.75,1,1,9,1,0.415,1,1,5,1,1,0,560,2
2,27.83,1.5,1,1,10,1,2,1,1,11,1,1,434,35,2
2,27.25,1.585,1,1,3,2,1.835,1,1,12,1,1,583,713,2
1,23,11.75,1,1,11,2,0.5,1,1,2,1,1,300,551,2
2,27.75,0.585,2,2,3,1,0.25,1,1,2,2,1,260,500,2
2,54.58,9.415,1,1,14,8,14.415,1,1,11,1,1,30,300,2
2,34.17,9.17,1,1,1,1,4.5,1,1,12,1,1,0,221,2
2,28.92,15,1,1,1,2,5.335,1,1,11,2,1,0,2283,2
2,29.67,1.415,1,1,10,2,0.75,1,1,1,2,1,240,100,2
2,39.58,13.915,1,1,10,1,8.625,1,1,6,1,1,70,0,2
2,56.42,28,2,2,1,1,28.5,1,1,40,2,1,0,15,2
2,54.33,6.75,1,1,1,2,2.625,1,1,11,1,1,0,284,2
1,41,2.04,2,2,9,2,0.125,1,1,23,1,1,455,1236,2
2,31.92,4.46,1,1,3,2,6.04,1,1,3,2,1,311,300,2
2,41.5,1.54,1,1,4,3,3.5,2,2,0,2,1,216,0,2
2,23.92,0.665,1,1,1,1,0.165,2,2,0,2,1,100,0,2
1,25.75,0.5,1,1,1,2,0.875,1,2,0,1,1,491,0,2
2,26,1,1,1,9,1,1.75,1,2,0,1,1,280,0,2
2,37.42,2.04,1,1,10,1,0.04,1,2,0,1,1,400,5800,2
2,34.92,2.5,1,1,10,1,0,1,2,0,1,1,239,200,2
2,34.25,3,1,1,3,2,7.415,1,2,0,1,1,0,0,2
2,23.33,11.625,2,2,10,1,0.835,1,2,0,1,1,160,300,2
2,23.17,0,1,1,3,1,0.085,1,2,0,2,1,0,0,2
2,44.33,0.5,1,1,4,2,5,1,2,0,1,1,320,0,2
2,35.17,4.5,1,1,11,2,5.75,2,2,0,1,3,711,0,2
2,43.25,3,1,1,9,2,6,1,1,11,2,1,80,0,2
2,56.75,12.25,1,1,7,1,1.25,1,1,4,1,1,200,0,2
2,31.67,16.165,1,1,2,1,3,1,1,9,2,1,250,730,2
1,23.42,0.79,2,2,9,1,1.5,1,1,2,1,1,80,400,2
1,20.42,0.835,1,1,9,1,1.585,1,1,1,2,1,0,0,2
2,26.67,4.25,1,1,3,1,4.29,1,1,1,1,1,120,0,2
2,34.17,1.54,1,1,3,1,1.54,1,1,1,1,1,520,50000,2
1,36,1,1,1,1,1,2,1,1,11,2,1,0,456,2
2,25.5,0.375,1,1,7,1,0.25,1,1,3,2,1,260,15108,2
2,19.42,6.5,1,1,10,2,1.46,1,1,7,2,1,80,2954,2
2,35.17,25.125,1,1,11,2,1.625,1,1,1,1,1,515,500,2
2,32.33,7.5,1,1,12,3,1.585,1,2,0,1,3,420,0,1
1,38.58,5,1,1,3,1,13.5,1,2,0,1,1,980,0,1
2,44.25,0.5,1,1,7,1,10.75,1,2,0,2,3,400,0,1
2,44.83,7,2,2,1,1,1.625,2,2,0,2,1,160,2,1
2,20.67,5.29,1,1,9,1,0.375,1,1,1,2,1,160,0,1
2,34.08,6.5,1,1,13,1,0.125,1,2,0,1,1,443,0,1
1,19.17,0.585,2,2,13,1,0.585,1,2,0,1,1,160,0,1
2,21.67,1.165,2,2,6,1,2.5,1,1,1,2,1,180,20,1
2,21.5,9.75,1,1,1,1,0.25,1,2,0,2,1,140,0,1
2,49.58,19,1,1,14,8,0,1,1,1,2,1,94,0,1
1,27.67,1.5,1,1,7,1,2,1,2,0,2,3,368,0,1
2,39.83,0.5,1,1,7,1,0.25,1,2,0,2,3,288,0,1
2,27.25,0.625,1,1,13,1,0.455,1,2,0,1,1,200,0,1
2,37.17,4,1,1,1,3,5,1,2,0,1,3,280,0,1
2,25.67,2.21,2,2,13,1,4,1,2,0,2,1,188,0,1
2,34,4.5,1,1,13,1,1,1,2,0,1,1,240,0,1
1,49,1.5,1,1,5,4,0,1,2,0,1,1,100,27,1
2,62.5,12.75,2,2,1,2,5,1,2,0,2,1,112,0,1
2,31.42,15.5,1,1,1,1,0.5,1,2,0,2,1,120,0,1
2,52.33,1.375,2,2,1,2,9.46,1,2,0,1,1,200,100,1
2,28.75,1.5,2,2,1,1,1.5,1,2,0,1,1,0,225,1
1,28.58,3.54,1,1,4,3,0.5,1,2,0,1,1,171,0,1
2,23,0.625,2,2,13,1,0.125,1,2,0,2,1,180,1,1
1,22.5,11,2,2,9,1,3,1,2,0,1,1,268,0,1
1,28.5,1,1,1,9,1,1,1,1,2,1,1,167,500,1
2,37.5,1.75,2,2,1,3,0.25,1,2,0,1,1,164,400,1
2,35.25,16.5,2,2,1,1,4,1,2,0,2,1,80,0,1
2,18.67,5,1,1,9,1,0.375,1,1,2,2,1,0,38,1
2,25,12,1,1,6,1,2.25,1,1,2,1,1,120,5,1
2,27.83,4,2,2,4,2,5.75,1,1,2,1,1,75,0,1
2,54.83,15.5,1,1,12,6,0,1,1,20,2,1,152,130,1
2,28.75,1.165,1,1,6,1,0.5,1,2,0,2,3,280,0,1
1,25,11,2,2,13,1,4.5,1,2,0,2,1,120,0,1
2,40.92,2.25,2,2,11,2,10,1,2,0,1,1,176,0,1
1,19.75,0.75,1,1,1,1,0.795,1,1,5,1,1,140,5,1
2,29.17,3.5,1,1,10,1,3.5,1,1,3,1,1,329,0,1
1,24.5,1.04,2,2,14,8,0.5,1,1,3,2,1,180,147,1
2,24.58,12.5,1,1,10,1,0.875,1,2,0,1,1,260,0,1
1,33.75,0.75,1,1,6,3,1,1,1,3,1,1,212,0,1
2,20.67,1.25,2,2,1,2,1.375,1,1,3,1,1,140,210,1
1,25.42,1.125,1,1,9,1,1.29,1,1,2,2,1,200,0,1
2,37.75,7,1,1,9,2,11.5,1,1,7,1,1,300,5,1
2,52.5,6.5,1,1,6,1,6.29,1,1,15,2,1,0,11202,2
2,57.83,7.04,1,1,7,1,14,1,1,6,1,1,360,1332,2
1,20.75,10.335,1,1,3,2,0.335,1,1,1,1,1,80,50,2
2,39.92,6.21,1,1,9,1,0.04,1,1,1,2,1,200,300,2
2,25.67,12.5,1,1,3,1,1.21,1,1,67,1,1,140,258,2
1,24.75,12.5,1,1,13,1,1.5,1,1,12,1,1,120,567,2
1,44.17,6.665,1,1,9,1,7.375,1,1,3,1,1,0,0,2
1,23.5,9,1,1,9,1,8.5,1,1,5,1,1,120,0,2
2,34.92,5,1,1,11,2,7.5,1,1,6,1,1,0,1000,2
2,47.67,2.5,1,1,7,3,2.5,1,1,12,1,1,410,2510,2
2,22.75,11,1,1,9,1,2.5,1,1,7,1,1,100,809,2
2,34.42,4.25,1,1,4,3,3.25,1,1,2,2,1,274,610,2
1,28.42,3.5,1,1,10,1,0.835,1,2,0,2,3,280,0,2
2,67.75,5.5,1,1,12,6,13,1,1,1,1,1,0,0,2
2,20.42,1.835,1,1,1,1,2.25,1,1,1,2,1,100,150,2
1,47.42,8,1,1,12,3,6.5,1,1,6,2,1,375,51100,2
2,36.25,5,1,1,1,3,2.5,1,1,6,2,1,0,367,2
2,32.67,5.5,1,1,9,2,5.5,1,1,12,1,1,408,1000,2
2,48.58,6.5,1,1,9,2,6,1,2,0,1,1,350,0,2
2,39.92,0.54,2,2,13,1,0.5,1,1,3,2,1,200,1000,2
2,33.58,2.75,1,1,7,1,4.25,1,1,6,2,1,204,0,2
1,18.83,9.5,1,1,10,1,1.625,1,1,6,1,1,40,600,2
1,26.92,13.5,1,1,9,2,5,1,1,2,2,1,0,5000,2
1,31.25,3.75,1,1,3,2,0.625,1,1,9,1,1,181,0,2
1,56.5,16,1,1,5,8,0,1,1,15,2,1,0,247,2
2,43,0.29,2,2,3,2,1.75,1,1,8,2,1,100,375,2
2,22.33,11,1,1,10,1,2,1,1,1,2,1,80,278,2
2,27.25,1.665,1,1,3,2,5.085,1,1,9,2,1,399,827,2
2,32.83,2.5,1,1,3,2,2.75,1,1,6,2,1,160,2072,2
2,23.25,1.5,1,1,9,1,2.375,1,1,3,1,1,0,582,2
1,40.33,7.54,2,2,9,2,8,1,1,14,2,1,0,2300,2
1,30.5,6.5,1,1,1,3,4,1,1,7,1,1,0,3065,2
1,52.83,15,1,1,1,1,5.5,1,1,14,2,1,0,2200,2
1,46.67,0.46,1,1,3,2,0.415,1,1,11,1,1,440,6,2
1,58.33,10,1,1,9,1,4,1,1,14,2,1,0,1602,2
2,37.33,6.5,1,1,7,2,4.25,1,1,12,1,1,93,0,2
2,23.08,2.5,1,1,1,1,1.085,1,1,11,1,1,60,2184,2
2,32.75,1.5,1,1,3,2,5.5,1,1,3,1,1,0,0,2
1,21.67,11.5,2,2,5,4,0,1,1,11,1,1,0,0,2
1,28.5,3.04,2,2,11,2,2.54,1,1,1,2,1,70,0,2
1,68.67,15,1,1,12,6,0,1,1,14,2,1,0,3376,2
2,28,2,1,1,6,2,4.165,1,1,2,1,1,181,0,2
2,34.08,0.08,2,2,7,3,0.04,1,1,1,1,1,280,2000,2
2,27.67,2,1,1,11,2,1,1,1,4,2,1,140,7544,2
2,44,2,1,1,7,1,1.75,1,1,2,1,1,0,15,2
2,25.08,1.71,1,1,11,1,1.665,1,1,1,1,1,395,20,2
2,32,1.75,2,2,12,2,0.04,1,2,0,1,1,393,0,2
1,60.58,16.5,1,1,9,1,11,1,2,0,1,1,21,10561,2
1,40.83,10,1,1,9,2,1.75,1,2,0,2,1,29,837,2
2,19.33,9.5,1,1,9,1,1,1,2,0,1,1,60,400,2
1,32.33,0.54,1,1,3,1,0.04,1,2,0,2,1,440,11177,2
2,36.67,3.25,1,1,9,2,9,1,2,0,1,1,102,639,2
2,37.5,1.125,2,2,2,1,1.5,2,2,0,1,1,431,0,2
1,25.08,2.54,2,2,13,1,0.25,1,2,0,1,1,370,0,2
2,41.33,0,1,1,1,3,15,1,2,0,2,1,0,0,2
2,56,12.5,1,1,6,2,8,1,2,0,1,1,24,2028,2
1,49.83,13.585,1,1,6,2,8.5,1,2,0,1,1,0,0,2
2,22.67,10.5,1,1,9,2,1.335,1,2,0,2,1,100,0,2
2,27,1.5,2,2,10,1,0.375,1,2,0,1,1,260,1065,2
2,25,12.5,1,1,13,1,3,1,2,0,1,3,20,0,2
1,26.08,8.665,1,1,13,1,1.415,1,2,0,2,1,160,150,2
1,18.42,9.25,1,1,9,1,1.21,1,1,4,2,1,60,540,2
2,20.17,8.17,1,1,13,1,1.96,1,1,14,2,1,60,158,2
2,47.67,0.29,1,1,1,3,15,1,1,20,2,1,0,15000,2
1,21.25,2.335,1,1,4,3,0.5,1,1,4,2,3,80,0,2
1,20.67,3,1,1,9,1,0.165,1,1,3,2,1,100,6,2
1,57.08,19.5,1,1,1,1,5.5,1,1,7,2,1,0,3000,2
1,22.42,5.665,1,1,9,1,2.585,1,1,7,2,1,129,3257,2
2,48.75,8.5,1,1,1,2,12.5,1,1,9,2,1,181,1655,2
2,40,6.5,1,1,13,3,3.5,1,1,1,2,1,0,500,2
2,40.58,5,1,1,1,1,5,1,1,7,2,1,0,3065,2
1,28.67,1.04,1,1,1,1,2.5,1,1,5,1,1,300,1430,2
1,33.08,4.625,1,1,9,2,1.625,1,1,2,2,1,0,0,2
2,21.33,10.5,1,1,1,1,3,1,2,0,1,1,0,0,2
2,42,0.205,1,1,4,2,5.125,1,2,0,2,1,400,0,2
2,41.75,0.96,1,1,11,1,2.5,1,2,0,2,1,510,600,2
2,22.67,1.585,2,2,10,1,3.085,1,1,6,2,1,80,0,2
2,34.5,4.04,2,2,4,3,8.5,1,1,7,1,1,195,0,2
2,28.25,5.04,2,2,1,3,1.5,1,1,8,1,1,144,7,2
2,33.17,3.165,2,2,11,1,3.165,1,1,3,1,1,380,0,2
2,48.17,7.625,1,1,10,2,15.5,1,1,12,2,1,0,790,2
2,27.58,2.04,2,2,13,1,2,1,1,3,1,1,370,560,2
2,22.58,10.04,1,1,11,1,0.04,1,1,9,2,1,60,396,2
1,24.08,0.5,1,1,9,2,1.25,1,1,1,2,1,0,678,2
1,41.33,1,1,1,4,3,2.25,1,2,0,1,1,0,300,2
1,20.75,10.25,1,1,9,1,0.71,1,1,2,1,1,49,0,2
2,36.33,2.125,2,2,10,1,0.085,1,1,1,2,1,50,1187,2
1,35.42,12,1,1,9,2,14,1,1,8,2,1,0,6590,2
2,28.67,9.335,1,1,9,2,5.665,1,1,6,2,1,381,168,2
2,35.17,2.5,1,1,6,1,4.5,1,1,7,2,1,150,1270,2
2,39.5,4.25,1,1,1,3,6.5,1,1,16,2,1,117,1210,2
2,39.33,5.875,1,1,3,2,10,1,1,14,1,1,399,0,2
2,24.33,6.625,2,2,2,1,5.5,1,2,0,1,3,100,0,2
2,60.08,14.5,1,1,14,8,18,1,1,15,1,1,0,1000,2
2,23.08,11.5,1,1,4,1,3.5,1,1,9,2,1,56,742,2
2,26.67,2.71,2,2,3,1,5.25,1,1,1,2,1,211,0,2
2,48.17,3.5,1,1,13,1,3.5,1,2,0,2,3,230,0,2
2,41.17,4.04,1,1,3,2,7,1,1,8,2,1,320,0,2
2,55.92,11.5,1,1,14,8,5,1,1,5,2,1,0,8851,2
2,53.92,9.625,1,1,12,1,8.665,1,1,5,2,1,0,0,2
1,18.92,9.25,2,2,1,1,1,1,1,4,1,1,80,500,2
1,50.08,12.54,1,1,13,1,2.29,1,1,3,1,1,156,0,2
2,65.42,11,1,1,12,6,20,1,1,7,1,1,22,0,2
1,17.58,9,1,1,13,1,1.375,1,2,0,1,1,0,0,2
1,18.83,9.54,1,1,13,1,0.085,1,2,0,2,1,100,0,2
1,37.75,5.5,1,1,9,1,0.125,1,2,0,1,1,228,0,2
2,23.25,4,1,1,1,3,0.25,1,2,0,1,1,160,0,2
2,18.08,5.5,1,1,6,1,0.5,1,2,0,2,1,80,0,2
1,22.5,8.46,2,2,11,1,2.46,2,2,0,2,1,164,0,2
2,19.67,0.375,1,1,9,1,2,1,1,2,1,1,80,0,2
2,22.08,11,1,1,3,1,0.665,1,2,0,2,1,100,0,2
2,25.17,3.5,1,1,3,1,0.625,1,1,7,2,1,0,7059,2
1,47.42,3,1,1,11,1,13.875,1,1,2,1,1,519,1704,2
2,33.5,1.75,1,1,11,2,4.5,1,1,4,1,1,253,857,2
2,27.67,13.75,1,1,10,1,5.75,1,2,0,1,1,487,500,2
1,58.42,21,1,1,4,3,10,1,1,13,2,1,0,6700,2
1,20.67,1.835,1,1,9,1,2.085,1,1,5,2,1,220,2503,2
2,26.17,0.25,1,1,4,3,0,1,2,0,1,1,0,0,2
2,21.33,7.5,1,1,13,1,1.415,1,1,1,2,1,80,9800,2
2,42.83,4.625,1,1,9,1,4.58,1,2,0,2,3,0,0,2
2,38.17,10.125,1,1,11,1,2.5,1,1,6,2,1,520,196,2
2,20.5,10,2,2,1,1,2.5,1,2,0,2,3,40,0,2
2,48.25,25.085,1,1,10,1,1.75,1,1,3,2,1,120,14,2
2,28.33,5,1,1,10,1,11,1,2,0,1,1,70,0,2
2,18.5,2,1,1,4,1,1.5,1,1,2,2,1,120,300,2
2,33.17,3.04,2,2,1,2,2.04,1,1,1,1,1,180,18027,2
2,45,8.5,1,1,3,2,14,1,1,1,1,1,88,2000,2
1,19.67,0.21,1,1,9,2,0.29,1,1,11,2,1,80,99,2
2,21.83,11,1,1,11,1,0.29,1,1,6,2,1,121,0,2
2,40.25,21.5,1,1,12,6,20,1,1,11,2,1,0,1200,2
2,41.42,5,1,1,9,2,5,1,1,6,1,1,470,0,2
1,17.83,11,1,1,11,2,1,1,1,11,2,1,0,3000,2
2,23.17,11.125,1,1,11,2,0.46,1,1,1,2,1,100,0,2
2,18.17,10.25,1,1,1,2,1.085,2,2,0,2,1,320,13,1
2,20,11.045,1,1,1,1,2,2,2,0,1,1,136,0,1
2,20,0,1,1,2,1,0.5,2,2,0,2,1,144,0,1
1,20.75,9.54,1,1,4,1,0.04,2,2,0,2,1,200,1000,1
1,24.5,1.75,2,2,1,1,0.165,2,2,0,2,1,132,0,1
2,32.75,2.335,1,1,2,2,5.75,2,2,0,1,1,292,0,1
1,52.17,0,2,2,14,8,0,2,2,0,2,1,0,0,1
1,48.17,1.335,1,1,4,9,0.335,2,2,0,2,1,0,120,1
1,20.42,10.5,2,2,11,2,0,2,2,0,1,1,154,32,1
2,50.75,0.585,1,1,14,8,0,2,2,0,2,1,145,0,1
2,17.08,0.085,2,2,1,1,0.04,2,2,0,2,1,140,722,1
2,18.33,1.21,2,2,12,7,0,2,2,0,2,1,100,0,1
1,32,6,1,1,2,1,1.25,2,2,0,2,1,272,0,1
2,59.67,1.54,1,1,9,1,0.125,1,2,0,1,1,260,0,2
2,18,0.165,1,1,9,5,0.21,2,2,0,2,1,200,40,2
2,32.33,2.5,1,1,1,1,1.25,2,2,0,1,1,280,0,1
2,18.08,6.75,2,2,7,1,0.04,2,2,0,2,1,140,0,1
2,38.25,10.125,2,2,6,1,0.125,2,2,0,2,1,160,0,1
2,30.67,2.5,1,1,3,2,2.25,2,2,0,1,3,340,0,1
2,18.58,5.71,1,1,2,1,0.54,2,2,0,2,1,120,0,1
1,19.17,5.415,1,1,4,2,0.29,2,2,0,2,1,80,484,1
1,18.17,10,2,2,9,2,0.165,2,2,0,2,1,340,0,1
2,16.25,0.835,1,1,7,1,0.085,1,2,0,2,3,200,0,1
2,21.17,0.875,2,2,1,2,0.25,2,2,0,2,1,280,204,1
2,23.92,0.585,2,2,3,2,0.125,2,2,0,2,1,240,1,1
2,17.67,4.46,1,1,1,1,0.25,2,2,0,2,3,80,0,1
1,16.5,1.25,1,1,9,1,0.25,2,1,1,2,1,108,98,1
2,23.25,12.625,1,1,1,1,0.125,2,1,2,2,1,0,5552,1
2,17.58,10,1,1,10,2,0.165,2,1,1,2,1,120,1,1
2,29.5,0.58,1,1,10,1,0.29,2,1,1,2,1,340,2803,1
2,18.83,0.415,2,2,1,1,0.165,2,1,1,2,1,200,1,1
1,21.75,1.75,2,2,5,4,0,2,2,0,2,1,160,0,1
2,23,0.75,1,1,7,1,0.5,2,2,0,1,3,320,0,1
1,18.25,10,1,1,10,1,1,2,1,1,2,1,120,1,1
2,25.42,0.54,1,1,10,1,0.165,2,1,1,2,1,272,444,1
2,35.75,2.415,1,1,10,1,0.125,2,1,2,2,1,220,1,1
1,16.08,0.335,1,1,14,8,0,2,1,1,2,1,160,126,1
1,31.92,3.125,1,1,14,8,3.04,2,1,2,1,1,200,4,1
2,69.17,9,1,1,14,8,4,2,1,1,2,1,70,6,1
2,32.92,2.5,1,1,13,1,1.75,2,1,2,1,1,720,0,1
2,16.33,2.75,1,1,13,1,0.665,2,1,1,2,1,80,21,1
2,22.17,12.125,1,1,1,1,3.335,2,1,2,1,1,180,173,1
1,57.58,2,1,1,14,8,6.5,2,1,1,2,1,0,10,1
2,18.25,0.165,1,1,2,1,0.25,2,2,0,1,3,280,0,1
2,23.42,1,1,1,1,1,0.5,2,2,0,1,3,280,0,1
1,15.92,2.875,1,1,9,1,0.085,2,2,0,2,1,120,0,1
1,24.75,13.665,1,1,9,2,1.5,2,2,0,2,1,280,1,1
2,48.75,26.335,2,2,14,8,0,1,2,0,1,1,0,0,1
2,23.5,2.75,1,1,14,8,4.5,2,2,0,2,1,160,25,1
2,18.58,10.29,1,1,14,8,0.415,2,2,0,2,1,80,0,1
2,27.75,1.29,1,1,6,2,0.25,2,2,0,1,3,140,0,1
1,31.75,3,2,2,5,4,0,2,2,0,2,1,160,20,1
1,24.83,4.5,1,1,10,1,1,2,2,0,1,1,360,6,1
2,19,1.75,2,2,1,1,2.335,2,2,0,1,1,112,6,1
1,16.33,0.21,1,1,13,1,0.125,2,2,0,2,1,200,1,1
1,18.58,10,1,1,2,1,0.415,2,2,0,2,1,80,42,1
2,16.25,0,2,2,13,1,0.25,2,2,0,2,1,60,0,1
2,23,0.75,1,1,7,1,0.5,1,2,0,1,3,320,0,1
2,21.17,0.25,2,2,1,2,0.25,2,2,0,2,1,280,204,1
2,17.5,22,3,3,14,9,0,2,2,0,1,2,450,100000,2
2,19.17,0,2,2,7,3,0,2,2,0,1,3,500,1,2
2,36.75,0.125,2,2,1,1,1.5,2,2,0,1,1,232,113,2
2,21.25,1.5,1,1,10,1,1.5,2,2,0,2,1,150,8,2
1,18.08,0.375,3,3,3,8,10,2,2,0,1,3,300,0,2
1,33.67,0.375,1,1,3,1,0.375,2,2,0,2,1,300,44,2
2,48.58,0.205,2,2,6,1,0.25,1,1,11,2,1,380,2732,2
2,33.67,1.25,1,1,10,1,1.165,2,2,0,2,1,120,0,1
1,29.5,1.085,2,2,11,1,1,2,2,0,2,1,280,13,1
2,30.17,1.085,2,2,1,1,0.04,2,2,0,2,1,170,179,1
1,33.25,2.5,2,2,1,1,2.5,2,2,0,1,1,0,2,1
2,34.08,2.5,1,1,1,1,1,2,2,0,2,1,460,16,1
1,25.25,12.5,1,1,2,1,1,2,2,0,1,1,180,1062,1
2,34.75,2.5,1,1,3,3,0.5,2,2,0,2,1,348,0,1
2,27.67,0.75,1,1,9,2,0.165,2,2,0,1,1,220,251,1
2,47.33,6.5,1,1,1,1,1,2,2,0,1,1,0,228,1
1,34.83,1.25,2,2,4,2,0.5,2,2,0,1,1,160,0,1
1,33.25,3,2,2,13,1,2,2,2,0,2,1,180,0,1
2,28,3,1,1,10,1,0.75,2,2,0,1,1,300,67,1
1,39.08,4,1,1,1,1,3,2,2,0,2,1,480,0,1
2,42.75,4.085,1,1,13,1,0.04,2,2,0,2,1,108,100,1
2,26.92,2.25,1,1,4,3,0.5,2,2,0,1,1,640,4000,1
2,33.75,2.75,1,1,4,3,0,2,2,0,2,1,180,0,1
2,38.92,1.75,1,1,6,1,0.5,2,2,0,1,1,300,2,1
2,62.75,7,1,1,12,6,0,2,2,0,2,1,0,12,1
2,26.75,4.5,2,2,1,3,2.5,2,2,0,2,1,200,1210,1
2,63.33,0.54,1,1,1,1,0.585,1,1,3,1,1,180,0,1
2,27.83,1.5,1,1,10,1,2.25,2,1,1,1,1,100,3,1
1,26.17,2,1,1,5,4,0,2,2,0,1,1,276,1,1
2,22.17,0.585,2,2,14,8,0,2,2,0,2,1,100,0,1
2,22.5,11.5,2,2,7,1,1.5,2,2,0,1,1,0,4000,1
2,30.75,1.585,1,1,2,1,0.585,2,2,0,1,3,0,0,1
2,36.67,2,1,1,4,1,0.25,2,2,0,1,1,221,0,1
1,16,0.165,1,1,13,1,1,2,1,2,1,1,320,1,1
2,41.17,1.335,1,1,2,1,0.165,2,2,0,2,1,168,0,1
1,19.5,0.165,1,1,9,1,0.04,2,2,0,1,1,380,0,1
2,32.42,3,1,1,2,1,0.165,2,2,0,1,1,120,0,1
1,36.75,4.71,1,1,14,8,0,2,2,0,2,1,160,0,1
1,30.25,5.5,1,1,6,1,5.5,2,2,0,1,3,100,0,1
2,23.08,2.5,1,1,14,8,0.085,2,2,0,1,1,100,4208,1
2,26.83,0.54,1,1,6,8,0,2,2,0,2,1,100,0,1
2,16.92,0.335,2,2,6,1,0.29,2,2,0,2,3,200,0,1
2,24.42,2,1,1,12,7,0.165,2,1,2,2,1,320,1300,1
2,42.83,1.25,1,1,7,1,13.875,2,1,1,1,1,352,112,1
1,22.75,6.165,1,1,13,1,0.165,2,2,0,2,1,220,1000,1
2,39.42,1.71,2,2,7,1,0.165,2,2,0,2,3,400,0,1
1,23.58,11.5,2,2,6,2,3,2,2,0,1,1,20,16,1
2,21.42,0.75,2,2,8,5,0.75,2,2,0,1,1,132,2,1
2,33,2.5,2,2,10,1,7,2,2,0,1,1,280,0,1
2,26.33,13,1,1,12,7,0,2,2,0,1,1,140,1110,1
1,45,4.585,1,1,6,2,1,2,2,0,1,3,240,0,1
2,26.25,1.54,1,1,10,1,0.125,2,2,0,2,1,100,0,1
1,20.83,0.5,2,2,12,7,1,2,2,0,2,1,260,0,1
2,28.67,14.5,1,1,2,1,0.125,2,2,0,2,1,0,286,1
2,20.67,0.835,2,2,1,1,2,2,2,0,1,3,240,0,1
2,34.42,1.335,1,1,4,3,0.125,2,2,0,1,1,440,4500,1
2,33.58,0.25,1,1,4,3,4,2,2,0,1,3,420,0,1
2,43.17,5,1,1,4,3,2.25,2,2,0,1,1,141,0,1
1,22.67,7,1,1,1,1,0.165,2,2,0,2,1,160,0,1
1,24.33,2.5,2,2,4,3,4.5,2,2,0,2,1,200,456,1
1,56.83,4.25,2,2,14,8,5,2,2,0,1,1,0,4,1
2,22.08,11.46,1,1,6,1,1.585,2,2,0,1,1,100,1212,1
2,34,5.5,2,2,1,1,1.5,2,2,0,1,1,60,0,1
2,22.58,1.5,2,2,13,1,0.54,2,2,0,1,1,120,67,1
2,21.17,0,1,1,1,1,0.5,2,2,0,1,3,0,0,1
2,26.67,14.585,1,1,4,3,0,2,2,0,1,1,178,0,1
2,22.92,0.17,1,1,7,1,0.085,2,2,0,2,3,0,0,1
2,15.17,7,1,1,12,1,1,2,2,0,2,1,600,0,1
2,39.92,5,1,1,4,3,0.21,2,2,0,2,1,550,0,1
2,27.42,12.5,1,1,13,3,0.25,2,2,0,1,1,720,0,1
2,24.75,0.54,1,1,7,1,1,2,2,0,1,1,120,1,1
2,41.17,1.25,2,2,10,1,0.25,2,2,0,2,1,0,195,1
1,33.08,1.625,1,1,2,1,0.54,2,2,0,1,1,0,0,1
2,29.83,2.04,2,2,11,2,0.04,2,2,0,2,1,128,1,1
1,23.58,0.585,2,2,14,8,0.125,2,2,0,2,1,120,87,1
2,26.17,12.5,2,2,6,2,1.25,2,2,0,1,1,0,17,1
2,31,2.085,1,1,1,1,0.085,2,2,0,2,1,300,0,1
2,20.75,5.085,2,2,5,1,0.29,2,2,0,2,1,140,184,1
2,28.92,0.375,1,1,1,1,0.29,2,2,0,2,1,220,140,1
1,51.92,6.5,1,1,4,3,3.085,2,2,0,1,1,73,0,1
1,22.67,0.335,1,1,9,1,0.75,2,2,0,2,3,160,0,1
2,34,5.085,2,2,4,3,1.085,2,2,0,1,1,480,0,1
1,69.5,6,1,1,14,8,0,2,2,0,2,3,0,0,1
1,19.58,0.665,2,2,1,1,1,2,1,1,2,1,2000,2,1
2,16,3.125,1,1,10,1,0.085,2,1,1,2,1,0,6,1
2,17.08,0.25,1,1,9,1,0.335,2,1,4,2,1,160,8,1
2,31.25,2.835,1,1,14,8,0,2,1,5,2,1,176,146,1
2,25.17,3,1,1,1,1,1.25,2,1,1,2,1,0,22,1
1,22.67,0.79,1,1,4,1,0.085,2,2,0,2,1,144,0,1
2,40.58,1.5,1,1,4,3,0,2,2,0,2,3,300,0,1
2,22.25,0.46,1,1,6,1,0.125,2,2,0,1,1,280,55,1
1,22.25,1.25,2,2,14,8,3.25,2,2,0,2,1,280,0,1
2,22.5,0.125,2,2,6,1,0.125,2,2,0,2,1,200,70,1
2,23.58,1.79,1,1,1,1,0.54,2,2,0,1,1,136,1,1
2,38.42,0.705,1,1,1,1,0.375,2,1,2,2,1,225,500,1
1,26.58,2.54,2,2,14,8,0,2,2,0,1,1,180,60,1
2,35,2.5,1,1,4,1,1,2,2,0,1,1,210,0,1
2,20.42,1.085,1,1,9,1,1.5,2,2,0,2,1,108,7,1
2,29.42,1.25,1,1,10,1,1.75,2,2,0,2,1,200,0,1
2,26.17,0.835,1,1,3,1,1.165,2,2,0,2,1,100,0,1
2,33.67,2.165,1,1,1,1,1.5,2,2,0,2,2,120,0,1
2,24.58,1.25,1,1,1,1,0.25,2,2,0,2,1,110,0,1
1,27.67,2.04,1,1,10,1,0.25,2,2,0,1,1,180,50,1
2,37.5,0.835,1,1,12,1,0.04,2,2,0,2,1,120,5,1
2,49.17,2.29,1,1,14,8,0.29,2,2,0,2,1,200,3,1
2,33.58,0.335,2,2,3,1,0.085,2,2,0,2,1,180,0,1
2,51.83,3,2,2,14,8,1.5,2,2,0,2,1,180,4,1
2,22.92,3.165,2,2,1,1,0.165,2,2,0,2,1,160,1058,1
2,21.83,1.54,1,1,6,1,0.085,2,2,0,1,1,356,0,1
2,25.25,1,1,1,13,1,0.5,2,2,0,2,1,200,0,1
2,58.58,2.71,1,1,1,1,2.415,2,2,0,1,1,320,0,1
2,19,0,2,2,14,8,0,2,1,4,2,1,45,1,1
2,19.58,0.585,1,1,14,8,0,2,1,3,2,1,350,769,1
1,53.33,0.165,1,1,14,8,0,2,2,0,1,3,62,27,1
1,27.17,1.25,1,1,14,8,0,2,1,1,2,1,92,300,1
2,25.92,0.875,1,1,6,1,0.375,2,1,2,1,1,174,3,1
2,23.08,0,1,1,6,1,1,2,1,11,2,3,0,0,1
2,39.58,5,1,1,14,8,0,2,1,2,2,1,17,1,1
2,30.58,2.71,2,2,7,1,0.125,2,2,0,1,3,80,0,1
2,17.25,3,1,1,6,1,0.04,2,2,0,1,1,160,40,1
1,17.67,0,2,2,5,8,0,2,2,0,2,1,86,0,1
2,16.5,0.125,1,1,1,1,0.165,2,2,0,2,1,132,0,1
1,27.33,1.665,1,1,14,8,0,2,2,0,2,1,340,1,1
2,31.25,1.125,1,1,14,8,0,2,1,1,2,1,96,19,1
2,20,7,1,1,1,1,0.5,2,2,0,2,1,0,0,1
2,39.5,1.625,1,1,1,1,1.5,2,2,0,2,1,0,316,1
2,36.5,4.25,1,1,9,1,3.5,2,2,0,2,1,454,50,1
2,52.42,1.5,1,1,2,1,3.75,2,2,0,1,1,0,350,1
2,36.17,18.125,1,1,10,1,0.085,2,2,0,2,1,320,3552,1
2,29.67,0.75,2,2,1,1,0.04,2,2,0,2,1,240,0,1
2,36.17,5.5,1,1,4,3,5,2,2,0,2,1,210,687,1
2,25.67,0.29,2,2,1,1,1.5,2,2,0,1,1,160,0,1
1,24.5,2.415,2,2,1,1,0,2,2,0,2,1,120,0,1
2,24.08,0.875,1,1,7,1,0.085,2,1,4,2,1,254,1950,1
2,21.92,0.5,1,1,1,1,0.125,2,2,0,2,1,360,0,1
1,36.58,0.29,1,1,14,8,0,2,1,10,2,1,200,18,1
1,23,1.835,1,1,5,4,0,2,1,1,2,1,200,53,1
1,27.58,3,1,1,7,1,2.79,2,1,1,1,1,280,10,1
2,31.08,3.085,1,1,1,1,2.5,2,1,2,1,1,160,41,1
1,30.42,1.375,1,1,10,2,0.04,2,1,3,2,1,0,33,1
2,22.08,2.335,1,1,6,1,0.75,2,2,0,2,1,180,0,1
2,16.33,4.085,1,1,4,2,0.415,2,2,0,1,1,120,0,1
1,21.92,11.665,1,1,6,2,0.085,2,2,0,2,1,320,5,1
2,21.08,4.125,2,2,4,2,0.04,2,2,0,2,1,140,100,1
2,17.42,6.5,1,1,4,1,0.125,2,2,0,2,1,60,100,1
2,19.17,4,2,2,4,1,1,2,2,0,1,1,360,1000,1
2,20.67,0.415,1,1,1,1,0.125,2,2,0,2,1,0,44,1
2,26.75,2,1,1,2,1,0.75,2,2,0,1,1,80,0,1
2,23.58,0.835,1,1,4,2,0.085,2,2,0,1,1,220,5,1
2,39.17,2.5,2,2,4,2,10,2,2,0,1,3,200,0,1
2,22.75,11.5,1,1,4,1,0.415,2,2,0,2,1,0,0,1
1,16.92,0.5,1,1,4,1,0.165,2,1,6,1,1,240,35,1
2,23.5,3.165,2,2,6,1,0.415,2,1,1,1,1,280,80,1
1,17.33,9.5,1,1,13,1,1.75,2,1,10,1,1,0,10,1
2,23.75,0.415,2,2,1,1,0.04,2,1,2,2,1,128,6,1
2,34.67,1.08,1,1,7,1,1.165,2,2,0,2,3,28,0,1
2,74.83,19,2,2,14,8,0.04,2,1,2,2,1,0,351,1
2,28.17,0.125,2,2,6,1,0.085,2,2,0,2,1,216,2100,1
2,24.5,13.335,2,2,13,1,0.04,2,2,0,1,1,120,475,1
2,18.83,3.54,2,2,14,8,0,2,2,0,1,1,180,1,1
1,47.25,0.75,1,1,9,2,2.75,1,1,1,2,1,333,892,2
2,24.17,0.875,1,1,9,1,4.625,1,1,2,1,1,520,2000,2
2,39.25,9.5,1,1,7,1,6.5,1,1,14,2,1,240,4607,2
1,20.5,11.835,1,1,1,2,6,1,2,0,2,1,340,0,2
1,18.83,4.415,2,2,1,2,3,1,2,0,2,1,240,0,2
2,19.17,9.5,1,1,10,1,1.5,1,2,0,2,1,120,2206,2
1,25,0.875,1,1,11,2,1.04,1,2,0,1,1,160,5860,2
2,20.17,9.25,1,1,1,1,1.665,1,1,3,1,1,40,28,2
2,25.75,0.5,1,1,1,1,1.46,1,1,5,1,1,312,0,2
2,20.42,7,1,1,1,1,1.625,1,1,3,2,1,200,1391,2
2,39,5,1,1,3,1,3.5,1,1,10,1,1,0,0,2
1,64.08,0.165,1,1,14,8,0,1,1,1,2,1,232,100,2
2,28.25,5.125,1,1,11,1,4.75,1,1,2,2,1,420,7,2
1,28.75,3.75,1,1,1,1,1.085,1,1,1,1,1,371,0,2
2,31.33,19.5,1,1,1,1,7,1,1,16,2,1,0,5000,2
1,18.92,9,1,1,13,1,0.75,1,1,2,2,1,88,591,2
1,24.75,3,1,1,9,2,1.835,1,1,19,2,1,0,500,2
1,30.67,12,1,1,1,1,2,1,1,1,2,1,220,19,2
2,21,4.79,2,2,10,1,2.25,1,1,1,1,1,80,300,2
2,13.75,4,2,2,10,1,1.75,1,1,2,1,1,120,1000,2
1,46,4,1,1,5,4,0,1,2,0,2,1,100,960,2
1,44.33,0,1,1,1,1,2.5,1,2,0,2,1,0,0,2
2,20.25,9.96,1,1,12,7,0,1,2,0,2,1,0,0,2
2,22.67,2.54,2,2,1,2,2.585,1,2,0,2,1,0,0,2
1,60.92,5,1,1,13,1,4,1,1,4,2,1,0,99,2
2,16.08,0.75,1,1,1,1,1.75,1,1,5,1,1,352,690,2
1,28.17,0.375,1,1,9,1,0.585,1,1,4,2,1,80,0,2
2,39.17,1.71,1,1,11,1,0.125,1,1,5,1,1,480,0,2
1,30,5.29,1,1,12,7,2.25,1,1,5,1,1,99,500,2
2,22.83,3,1,1,7,1,1.29,1,1,1,2,1,260,800,2
1,22.5,8.5,1,1,9,1,1.75,1,1,10,2,1,80,990,1
1,28.58,1.665,1,1,9,1,2.415,1,2,0,1,1,440,0,1
2,45.17,1.5,1,1,1,1,2.5,1,2,0,1,1,140,0,1
2,41.58,1.75,1,1,6,1,0.21,1,2,0,2,1,160,0,1
1,57.08,0.335,1,1,4,3,1,1,2,0,1,1,252,2197,1
1,55.75,7.08,1,1,6,2,6.75,1,1,3,1,1,100,50,1
2,43.25,25.21,1,1,9,2,0.21,1,1,1,2,1,760,90,1
1,25.33,2.085,1,1,1,2,2.75,1,2,0,1,1,360,1,1
1,24.58,0.67,1,1,13,2,1.75,1,2,0,2,1,400,0,1
2,43.17,2.25,1,1,4,3,0.75,1,2,0,2,1,560,0,1
2,40.92,0.835,1,1,14,8,0,1,2,0,2,1,130,1,1
2,31.83,2.5,1,1,13,1,7.5,1,2,0,1,1,523,0,1
1,33.92,1.585,2,2,14,8,0,1,2,0,2,1,320,0,1
1,24.92,1.25,1,1,14,8,0,1,2,0,2,1,80,0,1
2,35.25,3.165,1,1,11,2,3.75,1,2,0,1,1,680,0,1
2,34.25,1.75,1,1,10,3,0.25,1,2,0,1,1,163,0,1
2,19.42,1.5,2,2,3,1,2,1,2,0,1,1,100,20,1
2,42.75,3,1,1,4,3,1,1,2,0,2,1,0,200,1
2,19.67,10,2,2,6,2,0.835,1,2,0,1,1,140,0,1
2,36.33,3.79,1,1,10,1,1.165,1,2,0,1,1,200,0,1
2,30.08,1.04,2,2,4,3,0.5,1,1,10,1,1,132,28,1
2,44.25,11,2,2,2,1,1.5,1,2,0,2,3,0,0,1
2,23.58,0.46,2,2,10,1,2.625,1,1,6,1,1,208,347,1
2,23.92,1.5,1,1,2,2,1.875,1,1,6,2,1,200,327,2
2,33.17,1,1,1,11,1,0.75,1,1,7,1,1,340,4071,2
2,48.33,12,1,1,7,1,16,1,2,0,2,3,110,0,2
2,76.75,22.29,1,1,12,6,12.75,1,1,1,1,1,0,109,2
2,51.33,10,1,1,4,3,0,1,1,11,2,1,0,1249,2
2,34.75,15,1,1,8,5,5.375,1,1,9,1,1,0,134,2
2,38.58,3.335,1,1,10,1,4,1,1,14,2,1,383,1344,2
1,22.42,11.25,2,2,11,2,0.75,1,1,4,2,1,0,321,2
2,41.92,0.42,1,1,1,2,0.21,1,1,6,2,1,220,948,2
2,29.58,4.5,1,1,10,1,7.5,1,1,2,1,1,330,0,2
1,32.17,1.46,1,1,10,1,1.085,1,1,16,2,1,120,2079,2
2,51.42,0.04,1,1,11,2,0.04,1,2,0,2,1,0,3000,2
1,22.83,2.29,1,1,9,2,2.29,1,1,7,1,1,140,2384,2
1,25,12.33,1,1,3,2,3.5,1,1,6,2,1,400,458,2
2,26.75,1.125,1,1,11,2,1.25,1,2,0,2,1,0,5298,2
2,23.33,1.5,1,1,1,2,1.415,1,2,0,2,1,422,200,2
2,24.42,12.335,1,1,9,2,1.585,1,2,0,1,1,120,0,2
2,42.17,5.04,1,1,9,2,12.75,1,2,0,1,1,92,0,2
1,20.83,3,1,1,13,1,0.04,1,2,0,2,1,100,0,2
2,23.08,11.5,1,1,10,2,2.125,1,1,11,1,1,290,284,2
1,25.17,2.875,1,1,11,2,0.875,1,2,0,2,1,360,0,2
2,43.08,0.375,2,2,1,1,0.375,1,1,8,1,1,300,162,2
1,35.75,0.915,1,1,13,1,0.75,1,1,4,2,1,0,1583,2
2,59.5,2.75,1,1,10,1,1.75,1,1,5,1,1,60,58,2
2,21,3,2,2,2,1,1.085,1,1,8,1,1,160,1,2
2,21.92,0.54,2,2,11,1,0.04,1,1,1,1,1,840,59,2
1,65.17,14,1,1,14,8,0,1,1,11,1,1,0,1400,2
1,20.33,10,1,1,1,2,1,1,1,4,2,1,50,1465,2
2,32.25,0.165,2,2,1,2,3.25,1,1,1,1,1,432,8000,2
2,30.17,0.5,1,1,1,1,1.75,1,1,11,2,1,32,540,2
2,25.17,6,1,1,1,1,1,1,1,3,2,1,0,0,2
2,39.17,1.625,1,1,1,1,1.5,1,1,10,2,1,186,4700,2
2,39.08,6,1,1,7,1,1.29,1,1,5,1,1,108,1097,2
2,31.67,0.83,1,1,11,1,1.335,1,1,8,1,1,303,3290,2
2,41,0.04,1,1,12,1,0.04,2,1,1,2,3,560,0,2
2,48.5,4.25,1,1,7,1,0.125,1,2,0,1,1,225,0,2
2,32.67,9,2,2,10,2,5.25,1,2,0,1,1,154,0,2
1,28.08,15,2,2,12,6,0,1,2,0,2,1,0,13212,2
2,73.42,17.75,1,1,14,8,0,1,2,0,1,1,0,0,2
2,64.08,20,1,1,11,2,17.5,1,1,9,1,1,0,1000,2
2,51.58,15,1,1,1,1,8.5,1,1,9,2,1,0,0,2
2,26.67,1.75,2,2,1,1,1,1,1,5,1,1,160,5777,2
2,25.33,0.58,1,1,1,1,0.29,1,1,7,1,1,96,5124,2
2,30.17,6.5,1,1,3,1,3.125,1,1,8,2,1,330,1200,2
2,27,0.75,1,1,1,2,4.25,1,1,3,1,1,312,150,2
2,34.17,5.25,1,1,10,1,0.085,2,2,0,1,1,290,6,2
2,38.67,0.21,1,1,6,1,0.085,1,2,0,1,1,280,0,2
2,25.75,0.75,1,1,1,3,0.25,1,2,0,2,1,349,23,2
1,46.08,3,1,1,1,1,2.375,1,1,8,1,1,396,4159,2
1,21.5,6,1,1,13,1,2.5,1,1,3,2,1,80,918,2
2,20.5,2.415,1,1,1,1,2,1,1,11,1,1,200,3000,2
1,29.5,0.46,1,1,6,1,0.54,1,1,4,2,1,380,500,2
2,29.83,1.25,2,2,6,1,0.25,2,2,0,2,1,224,0,1
2,20.08,0.25,1,1,9,1,0.125,2,2,0,2,1,200,0,1
2,23.42,0.585,1,1,1,2,0.085,1,2,0,2,1,180,0,1
1,29.58,1.75,2,2,6,1,1.25,2,2,0,1,1,280,0,1
2,16.17,0.04,1,1,1,1,0.04,2,2,0,2,1,0,0,2
2,32.33,3.5,1,1,6,1,0.5,2,2,0,1,1,232,0,1
2,47.83,4.165,1,1,11,3,0.085,2,2,0,1,1,520,0,1
2,20,1.25,2,2,6,1,0.125,2,2,0,2,1,140,4,1
2,27.58,3.25,2,2,9,2,5.085,2,1,2,1,1,369,1,1
2,22,0.79,1,1,10,1,0.29,2,1,1,2,1,420,283,1
2,19.33,10.915,1,1,1,3,0.585,2,1,2,1,1,200,7,1
1,38.33,4.415,1,1,1,1,0.125,2,2,0,2,1,160,0,1
2,29.42,1.25,1,1,1,2,0.25,2,1,2,1,1,400,108,1
2,22.67,0.75,1,1,4,1,1.585,2,1,1,1,1,400,9,1
2,32.25,14,2,2,14,8,0,2,1,2,2,1,160,1,1
2,29.58,4.75,1,1,7,1,2,2,1,1,1,1,460,68,1
2,18.42,10.415,2,2,13,1,0.125,1,2,0,2,1,120,375,1
2,22.17,2.25,1,1,4,1,0.125,2,2,0,2,1,160,10,1
2,22.67,0.165,1,1,1,4,2.25,2,2,0,1,3,0,0,2
2,18.83,0,1,1,9,1,0.665,2,2,0,2,1,160,1,1
2,21.58,0.79,2,2,3,1,0.665,2,2,0,2,1,160,0,1
2,23.75,12,1,1,1,1,2.085,2,2,0,2,3,80,0,1
2,36.08,2.54,1,1,14,8,0,2,2,0,2,1,0,1000,1
2,29.25,13,1,1,2,2,0.5,2,2,0,2,1,228,0,1
1,19.58,0.665,1,1,10,1,1.665,2,2,0,2,1,220,5,1
1,22.92,1.25,1,1,9,1,0.25,2,2,0,1,1,120,809,1
1,27.25,0.29,1,1,7,2,0.125,2,1,1,1,1,272,108,1
1,38.75,1.5,1,1,14,8,0,2,2,0,2,1,76,0,1
2,32.42,2.165,2,2,6,8,0,2,2,0,2,1,120,0,1
1,23.75,0.71,1,1,10,1,0.25,2,1,1,1,1,240,4,1
2,18.17,2.46,1,1,1,5,0.96,2,1,2,1,1,160,587,1
2,40.92,0.5,2,2,7,1,0.5,2,2,0,1,1,130,0,1
2,19.5,9.585,1,1,13,1,0.79,2,2,0,2,1,80,350,1
2,28.58,3.625,1,1,13,1,0.25,2,2,0,1,1,100,0,1
2,35.58,0.75,1,1,6,1,1.5,2,2,0,1,1,231,0,1
2,34.17,2.75,1,1,4,3,2.5,2,2,0,1,1,232,200,1
2,31.58,0.75,2,2,13,1,3.5,2,2,0,1,1,320,0,1
1,52.5,7,1,1,13,2,3,2,2,0,2,1,0,0,1
2,36.17,0.42,2,2,10,1,0.29,2,2,0,1,1,309,2,1
2,37.33,2.665,1,1,3,1,0.165,2,2,0,1,1,0,501,1
1,20.83,8.5,1,1,1,1,0.165,2,2,0,2,1,0,351,1
2,24.08,9,1,1,13,1,0.25,2,2,0,1,1,0,0,1
2,25.58,0.335,1,1,6,2,3.5,2,2,0,1,1,340,0,1
1,35.17,3.75,1,1,14,8,0,2,1,6,2,1,0,200,1
2,48.08,3.75,1,1,4,3,1,2,2,0,2,1,100,2,1
1,15.83,7.625,1,1,9,1,0.125,2,1,1,1,1,0,160,1
1,22.5,0.415,1,1,4,1,0.335,2,2,0,1,3,144,0,1
2,21.5,11.5,1,1,4,1,0.5,1,2,0,1,1,100,68,1
1,23.58,0.83,1,1,9,1,0.415,2,1,1,1,1,200,11,1
1,21.08,5,2,2,14,8,0,2,2,0,2,1,0,0,1
2,25.67,3.25,1,1,1,2,2.29,2,1,1,1,1,416,21,1
1,38.92,1.665,1,1,13,1,0.25,2,2,0,2,1,0,390,1
1,15.75,0.375,1,1,1,1,1,2,2,0,2,1,120,18,1
1,28.58,3.75,1,1,1,1,0.25,2,1,1,1,1,40,154,1
2,22.25,9,1,1,13,1,0.085,2,2,0,2,1,0,0,1
2,29.83,3.5,1,1,1,1,0.165,2,2,0,2,1,216,0,1
1,23.5,1.5,1,1,10,1,0.875,2,2,0,1,1,160,0,1
2,32.08,4,2,2,3,1,1.5,2,2,0,1,1,120,0,1
2,31.08,1.5,2,2,10,1,0.04,2,2,0,2,3,160,0,1
2,31.83,0.04,2,2,7,1,0.04,2,2,0,2,1,0,0,1
1,21.75,11.75,1,1,1,1,0.25,2,2,0,1,1,180,0,1
1,17.92,0.54,1,1,1,1,1.75,2,1,1,1,1,80,5,1
2,30.33,0.5,1,1,2,2,0.085,2,2,0,1,3,252,0,1
2,51.83,2.04,2,2,14,8,1.5,2,2,0,2,1,120,1,1
2,47.17,5.835,1,1,10,1,5.5,2,2,0,2,1,465,150,1
2,25.83,12.835,1,1,3,1,0.5,2,2,0,2,1,0,2,1
1,50.25,0.835,1,1,13,1,0.5,2,2,0,1,1,240,117,1
1,37.33,2.5,1,1,4,2,0.21,2,2,0,2,1,260,246,1
1,41.58,1.04,1,1,13,1,0.665,2,2,0,2,1,240,237,1
1,30.58,10.665,1,1,9,2,0.085,2,1,12,1,1,129,3,1
2,19.42,7.25,1,1,7,1,0.04,2,1,1,2,1,100,1,1
1,17.92,10.21,1,1,14,8,0,2,2,0,2,1,0,50,1
1,20.08,1.25,1,1,1,1,0,2,2,0,2,1,0,0,1
2,19.5,0.29,1,1,6,1,0.29,2,2,0,2,1,280,364,1
2,27.83,1,2,2,2,2,3,2,2,0,2,1,176,537,1
2,17.08,3.29,1,1,4,1,0.335,2,2,0,1,1,140,2,1
2,36.42,0.75,2,2,2,1,0.585,2,2,0,2,1,240,3,1
2,40.58,3.29,1,1,7,1,3.5,2,2,0,1,3,400,0,1
2,21.08,10.085,2,2,12,2,1.25,2,2,0,2,1,260,0,1
1,22.67,0.75,1,1,1,1,2,2,1,2,1,1,200,394,1
1,25.25,13.5,2,2,14,8,2,2,1,1,1,1,200,1,1
2,17.92,0.205,1,1,13,1,0.04,2,2,0,2,1,280,750,1
2,35,3.375,1,1,1,2,8.29,2,2,0,1,1,0,0,1
