1.0,0.0,215,65,137,109,158,18,243,129,174,37,120,16,118,17,197,38,132,50,138,57,111,45,143,37,97,47,73,47,117,25,88,36,g
1.0,0.0,218,28,164,7,10,3,243,70,104,3,90,7,37,269,76,17,92,142,57,38,49,58,34,69,25,75,27,93,31,112,35,121,b
1.0,0.0,218,76,203,89,230,43,194,108,150,132,181,101,107,118,194,84,173,103,167,60,116,96,145,51,141,69,110,78,162,64,147,45,g
1.0,0.0,218,13,203,258,119,100,30,96,44,101,59,97,64,177,124,35,64,29,15,264,69,139,255,269,122,280,243,71,91,262,20,262,b
1.0,0.0,218,84,172,133,192,26,152,25,106,36,111,91,90,31,121,64,108,73,80,48,74,37,67,24,59,35,49,21,36,22,46,17,g
1.0,0.0,12,100,9,33,16,44,52,141,51,71,59,97,59,52,67,97,52,110,74,151,71,143,68,140,36,204,33,144,49,141,54,187,b
1.0,0.0,205,45,176,14,195,22,180,13,162,7,155,11,152,6,133,11,99,13,106,15,103,11,81,10,60,9,52,9,39,7,34,8,g
0.0,0.0,9,104,12,82,230,100,30,96,44,101,59,97,64,116,253,279,64,142,70,126,69,139,255,272,255,280,44,140,242,262,56,139,b
1.0,0.0,200,60,203,26,230,29,243,8,203,8,210,19,193,14,245,41,206,19,175,27,165,28,209,23,137,17,78,20,126,14,109,11,g
1.0,0.0,7,53,12,82,17,100,48,15,16,16,59,97,44,212,44,198,147,212,70,126,69,139,41,143,71,132,44,140,71,213,42,227,b
1.0,0.0,218,152,203,16,230,23,243,5,245,13,220,10,195,7,214,12,162,16,165,17,154,10,139,3,111,5,105,8,95,3,90,4,g
1.0,0.0,218,10,203,82,230,100,243,193,245,14,237,265,233,116,253,50,253,265,247,264,247,263,255,47,255,21,243,140,242,141,244,139,b
1.0,0.0,218,33,203,40,229,36,243,22,212,18,216,28,210,22,230,52,219,37,200,35,196,39,202,40,182,28,159,17,172,19,170,14,g
1.0,0.0,218,3,203,178,167,16,243,31,245,191,237,142,233,55,253,140,253,142,144,201,247,244,255,92,255,246,243,18,242,259,244,70,b
1.0,0.0,218,156,203,117,230,64,243,148,245,172,237,177,233,172,253,190,253,215,247,227,247,231,255,213,255,247,231,234,242,220,244,234,g
1.0,0.0,58,268,203,188,14,100,243,96,89,101,59,97,64,23,42,161,253,142,70,126,69,139,38,270,96,241,44,140,242,210,56,139,b
1.0,0.0,216,149,203,74,216,124,225,120,242,144,195,155,213,150,211,192,208,194,193,192,199,194,194,196,187,213,187,203,189,193,180,188,g
0.0,0.0,9,104,12,82,230,259,30,266,44,268,237,97,233,269,69,140,64,265,247,126,69,263,60,272,255,153,44,265,49,141,244,139,b
1.0,0.0,82,129,78,127,92,165,46,189,127,163,122,166,164,170,135,205,75,225,132,210,127,207,126,220,107,236,114,218,115,215,244,217,g
0.0,0.0,218,104,12,82,17,100,243,266,245,101,14,265,64,116,69,279,253,265,70,264,247,241,60,272,255,280,243,140,242,262,244,262,b
1.0,0.0,218,99,203,41,230,54,243,36,245,53,237,21,233,51,220,46,209,47,222,40,237,46,195,50,195,50,179,42,198,37,187,37,g
0.0,0.0,218,268,12,82,17,100,30,96,44,101,59,97,64,116,69,140,64,265,70,264,69,139,60,156,255,153,44,265,49,262,56,262,b
1.0,0.0,198,155,203,121,230,149,202,66,186,120,170,68,187,167,172,142,171,111,154,103,156,109,138,113,138,134,125,132,137,139,140,137,g
0.0,0.0,9,268,12,82,17,100,30,266,245,268,59,97,64,116,253,140,64,265,247,264,69,139,60,156,255,153,243,265,49,262,56,139,b
1.0,0.0,218,64,203,113,230,67,243,84,245,51,176,71,209,75,157,103,152,67,227,52,194,62,207,55,172,58,171,41,143,57,167,44,g
1.0,0.0,218,263,203,82,230,100,243,96,245,101,237,97,233,116,253,140,253,142,247,25,247,139,255,156,255,153,243,140,242,141,244,139,b
1.0,0.0,218,51,203,19,172,7,217,211,221,11,190,25,188,38,185,18,73,142,215,187,152,12,137,8,112,4,106,2,100,2,36,139,g
0.0,0.0,9,104,12,82,17,259,243,7,44,101,59,97,64,116,253,140,64,142,247,126,69,139,255,156,0,280,44,140,49,141,56,262,b
1.0,0.0,218,162,203,167,230,42,233,213,245,207,237,229,233,247,253,269,253,264,247,264,241,263,229,272,202,280,175,265,168,262,142,262,g
0.0,0.0,9,104,203,258,230,100,30,266,245,101,59,97,64,116,253,279,64,142,247,126,247,139,255,272,255,153,243,140,49,262,244,139,b
1.0,0.0,218,39,203,22,230,25,243,50,245,30,237,31,233,41,253,37,253,35,247,49,247,31,255,39,251,41,243,12,242,12,244,5,g
1.0,0.0,218,104,203,258,230,100,243,96,245,101,237,84,233,116,253,279,253,8,247,264,247,139,60,156,255,280,243,10,242,262,244,262,b
1.0,0.0,145,37,167,36,191,34,191,24,183,22,180,26,174,19,184,44,172,34,164,36,158,41,149,38,133,34,126,26,133,24,119,22,g
1.0,0.0,90,83,36,12,217,49,241,38,245,54,117,265,179,116,189,72,188,54,47,263,130,159,157,83,233,51,156,65,212,5,26,139,b
1.0,0.0,218,34,97,189,159,13,243,12,245,5,160,49,156,178,253,228,253,214,229,121,224,5,255,199,255,90,243,95,242,234,244,23,g
1.0,0.0,80,104,203,258,230,11,165,6,245,101,237,265,233,249,82,259,253,254,247,259,247,139,255,267,255,102,233,46,242,245,244,220,b
1.0,0.0,218,107,203,75,230,77,243,52,234,72,237,66,225,69,221,83,230,82,244,86,232,91,218,82,217,76,202,77,207,74,210,68,g
0.0,0.0,218,268,203,82,17,100,30,96,44,101,59,97,64,116,69,279,253,265,70,264,69,263,255,156,255,280,44,265,242,262,56,139,b
1.0,0.0,165,140,174,108,203,136,214,111,200,137,203,159,206,155,212,195,198,203,191,193,185,193,181,193,174,211,163,202,180,181,172,186,g
1.0,0.0,218,127,200,125,214,141,114,96,194,156,189,219,173,176,174,199,253,224,153,202,146,199,136,206,116,223,115,204,112,190,244,262,b
1.0,0.0,218,150,203,174,230,179,212,186,179,196,151,212,167,231,149,248,131,240,117,247,113,250,102,258,78,273,71,256,63,251,65,251,g
1.0,0.0,9,104,203,258,230,37,30,96,44,268,237,265,79,116,69,140,70,142,247,126,69,263,60,156,255,153,44,140,242,262,56,139,b
1.0,0.0,163,164,145,164,230,160,103,217,141,193,74,204,112,223,118,240,88,200,108,236,102,240,85,246,66,260,62,243,61,237,73,247,g
1.0,0.0,3,104,203,255,230,100,243,20,245,263,237,23,233,116,253,196,253,142,247,111,5,263,135,268,255,280,243,140,242,141,244,139,b
1.0,0.0,213,66,201,29,221,30,239,17,205,23,201,22,192,15,199,26,214,27,185,28,177,26,166,17,156,15,147,14,146,8,131,6,g
0.0,0.0,9,104,12,82,17,100,243,266,245,268,59,97,64,116,43,140,64,142,70,126,69,139,60,156,0,153,44,265,242,141,56,139,b
1.0,0.0,218,70,203,46,227,46,242,40,238,45,221,36,220,33,216,42,221,51,214,50,208,57,212,46,197,49,191,35,191,31,189,29,g
1.0,0.0,186,82,12,186,3,192,134,266,245,80,38,93,35,181,219,29,253,31,43,54,13,227,200,43,124,29,243,24,34,205,45,228,b
1.0,0.0,209,113,192,58,215,61,223,53,240,75,212,54,208,60,228,92,185,71,209,80,203,83,216,86,190,71,184,59,188,66,186,63,g
1.0,0.0,9,104,203,215,17,100,47,96,44,101,59,97,64,39,31,279,178,241,70,126,137,225,3,239,255,153,44,262,49,141,56,139,b
1.0,0.0,121,29,40,112,196,97,189,161,165,89,191,220,202,10,171,48,210,68,247,264,119,86,221,133,234,144,149,48,209,60,230,127,g
0.0,0.0,218,268,203,82,17,100,30,96,245,268,237,265,64,116,253,140,64,265,70,126,247,139,255,156,255,280,44,140,49,141,56,139,b
1.0,0.0,218,268,203,258,189,259,14,266,245,268,59,265,64,248,69,24,64,43,70,126,23,139,220,156,255,153,243,140,242,44,244,221,g
1.0,0.0,218,104,12,258,230,216,37,96,44,101,237,265,189,116,69,279,199,265,247,126,69,139,35,272,255,153,44,140,49,262,244,219,b
1.0,0.0,195,159,190,50,213,50,224,57,215,106,213,41,216,44,252,45,220,46,220,61,217,63,254,49,209,53,220,50,208,39,206,43,g
1.0,0.0,17,26,12,258,17,259,141,201,3,4,59,97,64,269,65,247,34,42,10,126,69,47,60,221,255,153,44,40,49,141,56,244,b
1.0,0.0,218,86,203,54,230,59,243,46,245,216,237,47,233,56,253,223,253,75,243,78,235,80,255,2,210,70,196,63,194,68,185,65,g
0.0,0.0,9,268,203,82,17,259,30,96,245,268,59,40,233,269,69,140,253,142,70,126,247,263,255,156,255,280,243,265,49,141,56,139,b
1.0,0.0,218,148,175,139,228,156,243,82,216,141,215,167,218,171,215,211,240,206,245,197,220,198,230,215,214,234,212,212,193,218,209,216,g
1.0,0.0,20,104,12,258,17,100,30,96,44,268,59,97,29,4,182,225,119,202,70,126,69,69,5,271,255,280,44,254,49,141,56,139,b
1.0,0.0,218,168,203,153,230,174,234,151,217,170,204,179,190,196,200,219,197,218,196,219,179,228,182,230,161,251,153,233,153,229,144,238,g
1.0,0.0,10,17,12,82,17,100,30,96,44,101,59,97,76,11,90,270,253,41,70,126,83,139,46,93,255,13,44,210,49,141,244,56,b
1.0,0.0,218,200,198,162,201,189,207,177,197,194,175,208,171,228,179,239,150,234,136,239,139,247,124,244,103,268,96,260,101,247,89,257,g
1.0,0.0,75,268,22,82,230,259,187,184,11,268,49,227,68,146,35,140,74,122,99,42,69,263,193,156,255,111,243,265,80,141,244,262,b
1.0,0.0,218,14,203,247,174,164,243,41,210,208,129,43,233,123,243,27,187,59,207,77,247,95,236,191,232,104,243,56,122,202,138,108,g
1.0,0.0,126,173,203,205,230,100,130,146,245,182,237,231,233,207,253,153,134,38,247,243,213,212,225,57,255,222,98,128,242,209,244,225,b
1.0,0.0,218,218,203,110,230,143,243,130,236,188,237,132,233,144,237,59,204,102,247,153,246,213,255,53,243,135,206,213,231,71,202,97,g
0.0,0.0,218,104,203,82,230,100,243,96,245,268,237,265,233,116,253,279,253,265,247,264,247,139,255,156,255,153,243,252,49,141,244,139,b
1.0,0.0,218,265,124,253,67,259,59,231,18,268,11,245,64,217,38,22,253,40,12,16,34,263,113,156,101,2,79,140,229,43,241,160,g
1.0,0.0,218,268,203,82,230,100,243,266,245,268,237,265,233,116,253,279,253,265,247,264,247,263,255,272,255,256,44,140,242,141,244,139,b
1.0,0.0,218,133,203,169,230,180,243,178,245,184,237,202,233,201,253,253,253,232,247,241,247,243,219,255,220,271,201,253,184,256,181,256,g
0.0,0.0,218,104,203,258,17,100,243,96,44,101,59,97,64,269,253,140,253,142,9,264,247,139,255,156,255,153,44,140,49,141,244,139,b
1.0,0.0,199,163,184,171,208,181,231,191,206,205,184,217,176,239,168,257,160,249,133,251,121,256,111,259,85,278,77,264,65,257,68,260,g
1.0,0.0,88,243,12,82,4,223,30,96,44,101,59,97,80,35,89,207,110,255,70,126,69,139,174,226,181,266,44,140,49,141,56,139,b
1.0,0.0,218,143,203,149,230,170,243,181,245,190,237,201,215,222,213,241,174,236,189,240,191,246,160,251,142,270,124,259,131,250,103,255,g
0.0,0.0,218,268,12,82,230,100,243,96,245,268,237,265,233,116,253,279,253,265,247,126,69,139,255,156,255,153,243,265,49,141,244,139,b
1.0,0.0,218,136,203,151,230,159,243,180,235,185,202,200,199,216,188,236,183,227,188,238,169,242,164,249,140,264,136,250,127,243,112,245,g
0.0,0.0,218,268,203,82,230,259,243,266,245,268,237,265,233,269,253,140,64,265,70,264,69,263,255,156,255,280,44,265,49,141,56,262,b
1.0,0.0,218,216,203,213,230,231,243,266,245,268,237,265,233,252,253,279,253,265,173,264,216,263,153,272,92,280,58,265,29,262,2,262,g
0.0,0.0,218,268,203,82,230,259,30,266,44,101,237,265,64,116,69,140,64,265,70,264,247,263,255,156,255,280,243,265,242,141,56,262,b
1.0,0.0,218,62,203,229,230,151,243,173,245,101,237,20,233,49,253,169,253,23,247,63,247,139,255,30,255,11,243,140,242,9,244,32,g
0.0,0.0,218,104,203,258,230,259,243,266,245,268,237,97,233,116,253,279,253,142,247,264,247,263,255,156,255,280,243,140,242,262,244,139,b
1.0,0.0,170,157,163,161,185,177,172,192,159,202,140,209,140,234,140,252,117,244,109,246,108,249,82,261,67,274,57,257,55,253,48,250,g
1.0,0.0,85,30,126,176,73,187,65,209,245,41,60,205,66,214,84,231,71,220,78,218,66,209,52,211,35,216,36,194,38,168,49,164,b
1.0,0.0,101,79,75,53,147,128,179,125,126,148,142,144,148,149,180,53,153,130,183,170,109,85,156,166,146,110,135,67,158,88,151,157,g
1.0,0.0,38,63,189,122,230,259,78,163,109,165,121,5,113,246,152,96,111,93,152,199,197,235,120,207,119,217,90,125,114,186,104,190,b
1.0,0.0,83,141,108,37,135,130,125,71,130,105,132,45,144,102,175,182,141,105,176,68,174,90,205,97,175,113,165,157,214,157,184,142,g
1.0,0.0,93,68,150,119,230,230,127,62,98,39,165,153,111,269,117,213,155,195,247,56,243,139,144,229,135,218,109,181,135,189,244,262,b
1.0,0.0,62,89,34,82,61,155,84,63,111,167,101,146,104,80,134,145,116,142,114,168,143,182,128,159,113,206,120,182,125,211,122,199,g
1.0,0.0,41,182,30,154,41,182,28,196,53,192,44,193,51,194,74,229,36,199,51,160,47,226,42,120,31,105,44,140,42,104,52,103,b
1.0,0.0,147,25,203,201,155,169,177,137,193,76,178,181,161,191,158,246,165,222,171,214,247,223,142,242,165,258,188,247,118,249,141,239,g
1.0,0.0,123,52,7,258,12,14,163,133,188,97,45,235,48,3,201,94,180,78,62,234,36,259,187,129,168,60,182,85,27,10,33,21,b
1.0,0.0,89,22,71,123,69,196,122,167,99,181,114,34,100,209,103,33,96,58,95,190,135,118,97,104,120,121,122,114,167,61,134,193,g
1.0,0.0,4,192,5,242,85,40,70,55,65,42,102,150,110,53,80,235,94,164,126,172,17,29,255,252,99,52,30,196,52,238,143,90,b
1.0,0.0,29,188,43,163,84,95,98,174,105,40,102,73,109,141,187,63,104,116,104,167,96,78,130,132,121,125,94,193,178,132,111,118,g
1.0,0.0,107,201,12,82,91,140,83,266,83,267,54,218,81,173,66,277,27,260,61,222,29,208,2,266,19,279,44,255,49,184,56,139,b
1.0,0.0,158,198,114,202,126,207,110,223,91,241,81,257,74,262,55,274,41,257,35,244,22,238,13,235,3,238,3,197,5,114,4,69,g
1.0,0.0,206,205,127,210,121,214,95,238,73,260,67,263,52,260,48,275,25,256,16,232,9,220,4,209,255,141,243,74,6,45,9,31,g
1.0,0.0,9,104,12,82,83,8,112,188,44,12,59,97,64,116,253,54,98,22,232,126,69,139,255,29,0,153,44,140,242,141,56,139,b
1.0,0.0,96,142,112,111,140,131,126,155,137,186,152,140,153,164,161,102,145,142,162,188,161,190,162,201,154,212,158,207,159,191,154,194,g
1.0,0.0,218,104,12,82,138,259,164,207,21,268,59,97,64,116,164,6,168,24,70,126,88,139,60,156,0,153,243,140,242,141,56,139,b
1.0,0.0,218,121,182,61,230,74,243,67,241,68,234,58,233,50,253,82,246,90,247,79,247,82,252,80,244,73,227,80,234,69,217,64,g
0.0,0.0,9,104,12,82,17,100,30,96,44,101,59,97,64,116,69,140,64,142,70,126,69,139,60,156,255,153,44,140,49,141,56,139,b
1.0,0.0,196,44,64,30,210,31,228,147,201,94,174,33,233,25,249,67,250,64,247,62,227,52,255,88,215,57,190,60,223,48,177,42,g
1.0,0.0,27,19,12,82,111,100,69,263,129,138,91,4,64,116,137,40,107,12,70,126,69,139,84,208,255,65,53,30,70,16,56,139,b
1.0,0.0,184,12,203,59,222,4,201,216,245,58,237,50,233,54,253,73,253,66,247,70,247,71,255,60,255,54,243,45,242,36,244,38,g
1.0,0.0,9,104,12,82,17,100,30,96,123,268,59,97,64,116,100,7,129,142,70,126,69,139,60,156,255,209,44,140,49,141,56,139,b
1.0,0.0,214,108,134,35,178,35,237,58,225,65,179,112,185,42,225,87,245,100,213,127,207,110,235,85,212,77,225,82,197,59,193,54,g
1.0,0.0,19,175,12,82,17,100,102,233,72,268,59,97,64,116,101,140,91,142,70,126,69,139,24,156,255,153,138,61,49,141,56,139,b
1.0,0.0,218,9,197,4,184,2,243,9,245,33,123,2,233,9,253,4,177,2,230,126,167,15,150,11,130,12,189,140,242,141,100,9,g
1.0,0.0,79,5,12,82,17,100,154,266,245,25,59,97,64,116,141,62,203,142,247,126,69,139,60,156,255,280,32,265,49,141,56,139,b
1.0,0.0,132,206,123,207,110,211,101,219,80,243,76,255,60,263,53,264,38,245,32,237,18,229,16,223,11,199,12,101,11,75,15,51,g
1.0,0.0,42,6,12,82,230,100,200,266,87,227,59,97,64,116,153,51,200,142,70,126,69,139,77,254,255,231,44,140,49,141,56,139,b
1.0,0.0,218,214,158,216,139,229,93,237,69,257,65,258,46,267,45,263,26,243,19,226,11,215,11,171,4,87,6,53,15,33,18,27,g
1.0,0.0,166,266,3,258,2,210,38,183,33,57,52,59,67,94,72,137,66,144,71,127,68,140,59,157,43,153,44,140,49,141,56,139,b
1.0,0.0,23,49,28,136,37,167,63,152,84,116,87,72,88,86,92,90,93,175,97,126,90,98,104,121,72,133,70,140,73,129,78,125,g
1.0,0.0,218,36,203,126,93,84,124,116,175,82,146,97,135,48,86,79,151,77,158,149,247,64,96,56,125,72,91,120,94,34,130,102,b
1.0,0.0,210,104,148,115,171,134,161,96,140,130,157,148,157,165,142,216,158,199,166,195,162,191,179,217,155,220,166,159,163,194,155,198,g
1.0,0.0,39,261,203,150,8,9,128,107,169,200,17,191,43,5,110,200,124,185,27,229,25,43,98,257,123,248,140,228,10,53,91,26,b
1.0,0.0,134,61,203,65,230,58,188,98,171,70,237,63,233,43,205,170,215,118,247,89,247,84,203,170,255,82,193,84,242,83,244,39,g
1.0,0.0,44,42,54,24,34,12,74,77,70,74,85,190,92,16,87,130,97,181,88,231,150,197,99,205,98,106,93,112,64,42,97,53,b
1.0,0.0,218,2,203,245,76,62,115,96,245,100,98,141,120,79,247,139,120,142,129,175,233,138,255,264,227,150,226,140,242,227,123,82,g
1.0,0.0,95,267,2,11,54,38,86,26,10,164,88,97,85,73,41,242,81,156,113,156,86,72,18,108,74,40,243,140,7,119,92,152,b
1.0,0.0,45,137,56,38,63,100,72,59,97,101,86,156,106,130,109,61,95,61,101,180,92,203,109,89,104,97,108,100,156,50,102,104,g
1.0,0.0,218,268,12,82,17,100,30,96,96,2,28,207,5,198,147,279,64,142,70,126,151,204,60,156,255,153,243,265,49,141,56,139,b
1.0,0.0,193,151,168,156,188,168,176,4,190,225,154,196,145,211,150,230,236,237,131,225,120,233,110,238,88,252,215,265,84,224,87,224,g
1.0,0.0,65,248,128,252,130,225,171,35,231,145,217,3,205,264,234,113,216,209,241,21,205,8,92,59,255,224,154,230,218,255,204,248,b
1.0,0.0,197,171,203,71,218,125,227,42,239,85,229,77,233,83,253,114,229,152,235,94,240,111,228,95,240,107,218,150,242,95,229,99,g
1.0,0.0,9,104,6,256,17,100,133,96,230,187,39,8,45,243,227,201,64,142,70,126,50,139,60,156,255,153,44,140,58,241,56,139,b
1.0,0.0,201,114,203,92,220,92,230,79,244,79,237,89,233,100,253,131,247,143,247,115,247,115,243,123,252,124,235,126,242,122,239,115,g
1.0,0.0,9,104,195,13,35,65,30,96,207,142,237,37,233,161,253,93,64,142,247,72,247,50,60,156,255,78,44,140,242,58,94,75,b
1.0,0.0,76,118,29,67,87,129,58,158,88,131,78,126,86,116,100,140,89,189,94,194,91,163,80,189,69,184,68,169,77,141,83,172,g
1.0,0.0,218,268,203,82,17,100,30,96,245,268,237,97,233,269,253,140,64,142,70,126,247,68,60,156,255,153,243,265,242,141,56,139,b
1.0,0.0,34,209,46,181,65,172,91,197,71,219,69,222,64,229,60,245,45,233,44,228,43,218,15,216,16,219,11,208,20,141,24,60,g
1.0,0.0,9,104,203,82,17,100,30,96,245,268,237,32,233,189,253,140,64,142,70,126,247,263,60,156,255,153,44,140,242,141,56,139,b
1.0,0.0,155,240,156,203,127,220,88,226,63,255,56,256,47,258,43,255,28,228,11,221,4,184,9,103,6,64,13,34,16,29,22,25,g
1.0,0.0,9,220,23,158,230,10,12,222,44,268,9,195,19,99,253,2,23,30,65,9,229,3,60,45,179,203,44,168,75,153,17,33,b
1.0,0.0,26,48,49,82,54,41,80,157,113,109,143,147,138,74,123,210,102,129,98,208,166,139,86,195,108,182,104,161,130,156,117,110,g
1.0,0.0,5,247,8,152,7,68,41,54,52,119,57,109,63,115,68,134,67,141,72,129,65,141,57,155,44,152,45,141,49,142,55,140,b
1.0,0.0,218,16,72,191,106,24,182,170,245,27,107,97,119,82,97,65,167,74,145,161,183,192,103,61,147,68,142,62,182,23,136,61,g
1.0,0.0,185,72,12,8,17,86,229,106,208,88,59,172,64,112,233,122,226,126,247,189,2,222,242,152,191,214,214,106,49,78,56,48,b
1.0,0.0,192,126,170,73,198,110,226,83,228,104,214,78,219,111,250,128,252,155,224,108,228,126,245,125,241,139,237,153,232,125,232,144,g
1.0,0.0,218,67,203,82,81,45,79,21,245,29,75,53,233,21,253,36,253,39,70,67,247,40,255,65,255,31,243,55,242,20,244,16,b
1.0,0.0,30,47,26,39,39,57,42,64,50,78,62,79,65,105,70,132,65,139,69,124,67,137,58,154,42,151,43,139,48,140,55,138,g
1.0,0.0,73,57,98,82,98,52,117,32,139,49,131,46,128,64,128,91,125,62,140,75,160,75,118,73,126,61,139,49,120,72,127,55,b
1.0,0.0,24,199,45,187,36,175,43,172,46,168,55,154,61,156,64,160,60,151,68,130,64,135,56,151,40,147,41,136,47,137,58,135,g
1.0,0.0,2,195,17,82,17,137,116,139,62,101,53,152,72,116,79,76,106,45,70,93,69,139,65,42,48,153,4,160,40,141,56,181,b
1.0,0.0,218,95,203,64,230,60,218,86,237,83,233,149,233,76,232,185,243,138,247,166,247,154,248,188,250,160,243,122,242,154,244,98,g
1.0,0.0,130,146,203,141,230,259,206,91,172,126,237,185,233,269,186,167,222,198,247,233,247,139,192,172,255,272,199,174,242,258,244,262,b
1.0,0.0,160,88,203,140,230,117,211,100,209,90,237,97,233,157,253,168,225,173,231,144,244,130,244,178,247,179,209,148,242,174,238,169,g
1.0,0.0,6,222,24,145,46,185,71,190,78,19,64,186,55,185,58,214,37,217,33,102,99,219,17,76,82,59,16,209,23,51,113,159,b
1.0,0.0,67,132,65,134,113,139,137,96,125,101,161,97,149,116,160,189,154,195,172,113,184,139,152,195,158,207,145,200,160,195,165,197,g
1.0,0.0,15,97,18,91,17,91,31,76,47,64,58,131,73,95,69,186,56,191,64,147,76,134,62,160,58,146,51,138,59,141,64,117,b
1.0,0.0,189,221,99,234,74,239,33,245,28,248,29,223,23,220,23,178,20,69,26,41,40,34,51,25,62,32,97,37,128,70,133,106,g
1.0,0.0,14,119,11,124,18,135,22,101,48,69,51,117,56,87,57,180,59,178,76,145,60,132,66,148,45,166,50,149,54,147,47,132,b
1.0,0.0,92,94,115,96,144,101,156,104,157,96,173,115,181,128,181,135,184,124,177,150,178,162,172,142,185,156,173,113,203,155,198,143,g
1.0,0.0,13,131,13,82,20,80,35,68,42,92,61,81,64,97,61,127,62,165,77,131,77,128,69,162,52,163,48,143,43,133,51,149,b
1.0,0.0,49,212,37,196,43,201,34,203,43,214,36,192,39,202,34,176,28,92,54,85,55,55,33,158,50,56,67,66,88,63,93,162,g
1.0,0.0,18,109,19,56,29,51,50,60,67,93,71,143,77,59,93,116,78,190,86,126,85,136,75,107,56,161,59,107,62,105,72,100,b
1.0,0.0,183,242,47,230,40,235,3,215,6,201,13,97,28,27,40,19,50,17,125,23,172,56,176,118,144,243,118,249,56,235,27,237,g
1.0,0.0,11,110,14,76,21,109,32,131,45,102,63,76,62,154,62,154,61,140,79,117,72,139,60,144,47,145,46,131,45,127,61,139,b
1.0,0.0,131,105,125,49,137,70,174,149,178,160,188,69,163,138,193,106,195,84,208,140,219,148,191,138,194,122,211,108,183,131,200,88,g
1.0,0.0,218,104,203,258,17,259,243,96,245,101,59,97,64,269,253,279,253,265,70,264,247,139,255,156,255,280,243,265,49,262,56,262,b
1.0,0.0,129,245,33,249,26,258,5,243,4,210,2,157,12,28,24,25,47,5,96,11,157,59,186,77,170,229,99,246,78,246,39,246,g
1.0,0.0,218,268,203,214,103,100,243,266,49,122,237,265,64,116,253,140,253,265,247,264,101,263,255,272,255,280,243,265,242,262,56,139,b
1.0,0.0,218,262,63,258,19,259,4,252,2,218,59,158,4,24,26,10,44,4,105,126,175,18,232,81,231,230,170,244,85,260,38,261,g
1.0,0.0,9,104,12,82,17,259,30,96,44,268,237,265,233,116,69,140,64,142,70,126,69,263,255,237,255,153,44,140,49,141,56,262,b
1.0,0.0,46,255,50,257,6,259,8,244,44,189,59,53,64,40,22,5,127,142,49,14,188,77,100,156,225,253,141,263,82,262,11,262,g
0.0,0.0,9,104,12,82,17,100,30,96,44,101,59,97,64,116,69,140,64,142,70,126,69,139,60,156,255,153,44,140,49,141,56,139,b
1.0,0.0,218,104,203,82,81,205,148,96,195,162,194,165,184,182,171,215,170,229,174,126,247,74,129,240,176,240,177,216,174,216,175,214,g
0.0,0.0,9,268,203,258,17,100,243,96,245,101,237,97,64,116,69,140,64,142,70,126,69,139,60,156,255,153,243,265,49,141,56,139,b
1.0,0.0,218,104,203,82,109,153,243,33,185,52,237,35,160,116,176,140,253,94,182,90,160,100,161,156,223,116,243,195,222,93,244,139,g
0.0,0.0,9,104,12,82,17,100,30,96,44,101,59,97,64,116,253,262,64,142,70,126,69,263,60,156,255,153,44,140,242,262,56,139,b
1.0,0.0,218,256,203,6,230,148,243,45,245,101,237,29,233,47,253,183,253,142,247,47,247,185,255,111,255,118,243,232,242,54,244,72,g
1.0,0.0,71,4,12,82,17,100,73,182,86,197,48,215,92,200,32,224,72,80,75,33,21,201,93,67,75,30,112,215,74,128,82,41,b
1.0,0.0,218,180,203,179,230,198,243,136,245,177,237,158,233,224,253,110,253,91,247,220,247,230,255,105,255,228,243,171,242,221,244,205,g
1.0,0.0,9,104,12,5,230,208,44,19,44,17,72,9,233,116,69,140,193,104,48,264,87,21,60,156,27,45,26,29,185,261,5,231,b
1.0,0.0,167,224,130,21,116,178,186,48,198,128,172,161,141,116,208,164,253,193,156,99,180,200,198,103,201,183,243,211,179,141,179,161,g
1.0,0.0,21,32,12,82,17,100,30,96,44,101,68,39,64,116,69,140,64,142,70,126,59,107,71,187,65,93,61,192,53,118,81,202,b
1.0,0.0,218,54,203,34,226,21,243,10,227,20,183,14,204,13,167,14,157,21,195,13,144,16,163,272,115,7,100,7,86,4,98,3,g
1.0,0.0,218,268,12,258,17,6,75,175,95,140,79,133,91,206,166,121,80,231,70,126,42,87,255,20,255,153,243,58,103,203,207,174,b
1.0,0.0,218,215,202,87,145,20,199,18,144,31,148,27,142,18,112,21,100,28,143,46,134,61,83,36,80,44,63,39,69,27,86,35,g
0.0,0.0,9,268,203,82,17,100,30,96,245,101,237,265,64,116,253,140,64,142,70,126,247,263,60,272,255,153,44,265,49,141,56,139,b
1.0,0.0,169,27,183,18,173,27,167,14,161,24,139,12,124,12,102,9,84,15,110,31,107,30,74,26,57,27,34,28,44,26,43,34,g
1.0,0.0,9,104,4,258,230,100,243,206,44,101,80,97,233,269,69,140,253,265,247,264,69,139,10,272,84,153,243,140,175,141,128,262,b
1.0,0.0,122,252,48,248,27,251,7,242,7,224,237,175,11,32,27,13,42,7,90,6,128,25,180,63,184,192,157,231,97,242,53,249,g
1.0,0.0,218,268,12,82,230,100,30,96,245,268,237,97,64,116,253,140,253,265,70,126,247,139,60,156,255,280,44,265,49,262,56,139,b
1.0,0.0,218,264,203,258,133,259,8,266,44,268,59,265,64,269,69,140,64,18,70,2,69,60,30,156,68,153,243,140,49,141,244,15,g
0.0,0.0,9,268,12,82,17,100,30,266,245,101,59,97,64,269,69,140,64,142,70,264,69,139,255,156,255,280,243,140,242,262,56,139,b
1.0,0.0,218,154,203,157,230,173,243,29,245,198,237,211,233,241,43,279,253,142,247,262,247,263,255,272,255,280,243,216,242,262,244,262,g
0.0,0.0,9,104,12,82,17,100,30,96,44,101,59,97,233,116,69,140,64,142,70,126,247,263,255,156,255,153,44,140,49,141,56,139,b
1.0,0.0,77,56,55,25,9,28,67,132,82,28,84,24,69,45,88,49,76,53,83,53,80,70,63,74,41,67,39,68,37,77,62,58,g
1.0,0.0,9,104,12,82,17,100,30,96,245,21,75,184,64,116,69,140,64,142,52,71,51,262,60,240,53,275,25,140,33,56,28,2,b
1.0,0.0,218,144,199,146,209,157,219,16,133,215,162,182,151,195,151,220,136,216,127,216,117,214,108,225,83,237,84,214,83,207,85,201,g
1.0,0.0,218,49,12,82,17,100,243,185,166,235,59,97,64,269,113,279,253,265,161,126,69,139,196,233,255,280,243,237,49,46,56,252,b
1.0,0.0,178,101,60,209,193,15,213,166,224,150,235,145,201,148,198,57,213,81,198,213,182,119,204,134,211,131,240,190,192,98,213,77,g
1.0,0.0,218,104,203,258,230,259,243,3,245,268,237,265,233,269,69,140,253,265,247,264,247,139,255,272,255,265,243,15,4,262,244,262,b
1.0,0.0,218,213,203,2,230,47,243,164,245,183,230,64,233,160,238,70,196,79,234,152,245,187,255,145,242,120,219,163,242,89,233,81,g
1.0,0.0,36,104,12,82,13,259,243,260,152,15,59,6,54,269,114,237,90,55,56,73,57,169,64,180,49,143,40,130,46,143,57,141,b
1.0,0.0,110,241,122,20,230,53,232,51,142,174,236,106,227,132,253,86,237,192,247,128,218,217,255,99,255,148,178,177,242,78,244,107,g
0.0,0.0,9,104,12,82,17,100,30,96,44,101,237,265,233,269,253,140,64,142,247,264,247,139,255,272,255,153,243,265,242,141,56,139,b
1.0,0.0,218,20,203,10,202,19,243,11,204,6,197,17,154,8,159,23,137,26,160,20,138,7,127,15,90,14,80,11,72,13,77,13,g
1.0,0.0,9,104,12,82,17,100,2,96,44,101,237,97,64,116,69,140,64,142,247,126,19,139,255,272,0,74,243,140,49,262,56,139,b
1.0,0.0,218,165,180,43,134,100,243,96,220,101,237,120,198,88,253,140,253,142,202,182,186,185,224,174,224,174,230,188,213,101,214,163,g
0.0,0.0,9,104,12,258,230,259,30,96,44,101,59,97,64,26,69,140,253,142,247,126,69,139,255,156,0,153,44,140,242,141,56,139,b
1.0,0.0,164,50,186,168,154,147,205,78,229,38,222,168,212,134,253,140,253,142,179,191,209,149,210,167,229,173,224,92,235,162,222,167,g
1.0,0.0,9,268,12,159,47,259,30,266,44,101,237,265,64,37,91,140,253,265,42,126,69,139,255,156,0,123,243,140,49,47,79,262,b
1.0,0.0,51,46,133,105,157,126,132,65,138,101,159,128,162,152,196,238,253,179,169,177,168,180,115,214,157,202,131,69,161,176,153,182,g
1.0,0.0,8,11,12,82,15,259,30,96,44,101,59,97,64,116,69,140,87,262,40,254,35,9,60,156,12,39,44,140,49,141,56,139,b
1.0,0.0,218,256,203,221,151,217,243,45,245,101,166,15,125,193,253,15,253,57,218,37,247,178,255,111,255,200,243,227,242,243,182,210,g
0.0,0.0,9,104,203,82,17,259,30,96,245,101,237,97,64,116,69,140,64,142,70,264,247,139,60,272,255,280,44,140,242,232,56,139,b
1.0,0.0,47,165,66,143,45,163,120,96,79,59,99,57,98,107,145,71,109,142,107,95,95,202,106,111,89,137,82,140,106,141,96,126,g
1.0,0.0,9,8,12,82,17,219,243,266,44,101,59,97,64,116,69,140,64,142,70,126,69,139,94,219,255,257,44,140,49,141,56,139,b
1.0,0.0,218,190,203,240,230,226,243,26,177,43,237,108,233,116,108,81,253,167,247,58,247,139,91,64,255,180,243,167,242,240,244,139,g
0.0,0.0,218,268,203,82,230,259,243,266,245,268,237,97,233,269,253,140,253,142,247,264,247,263,255,156,255,280,243,265,242,262,244,262,b
1.0,0.0,135,257,52,254,28,256,6,241,5,217,3,173,17,34,29,16,43,10,91,12,129,33,167,75,164,208,133,229,92,239,44,242,g
0.0,0.0,218,104,203,258,230,100,243,266,245,101,237,97,233,116,253,279,253,265,247,264,247,139,255,272,255,280,243,265,242,262,244,139,b
1.0,0.0,173,138,151,160,170,171,170,194,164,199,153,203,130,226,139,243,122,230,120,235,115,239,101,245,77,259,74,239,66,230,71,233,g
0.0,0.0,218,268,203,82,230,100,243,266,44,101,237,97,64,116,69,140,64,142,70,264,247,263,60,156,255,280,44,140,49,141,56,139,b
1.0,0.0,176,189,169,185,168,197,157,200,147,222,128,243,101,250,105,268,83,261,89,260,70,261,50,265,24,276,20,258,18,244,13,241,g
0.0,0.0,218,104,12,258,17,259,243,266,245,268,59,97,64,116,253,279,253,142,70,126,69,139,255,156,255,153,243,140,49,262,56,262,b
1.0,0.0,111,183,100,180,105,166,81,198,93,206,83,225,84,208,78,244,53,235,67,224,58,232,40,236,26,245,24,224,24,212,25,215,g
0.0,0.0,218,104,203,258,230,100,243,266,245,101,237,265,233,116,253,140,253,265,247,264,247,139,255,156,255,153,243,265,242,141,244,262,b
1.0,0.0,203,184,171,172,181,186,195,187,176,204,147,216,137,240,136,254,114,248,112,250,110,255,88,262,63,277,54,261,41,254,40,253,g
0.0,0.0,9,104,203,258,17,100,243,266,44,101,237,97,64,116,69,140,64,142,70,126,69,139,60,156,255,153,44,140,49,262,56,139,b
1.0,0.0,171,193,142,192,123,195,138,208,114,226,96,242,89,245,85,265,68,251,58,256,48,252,31,253,18,261,17,236,13,225,10,222,g
0.0,0.0,9,104,203,258,230,259,30,96,44,101,59,97,64,116,69,140,64,142,70,126,247,263,60,156,255,280,44,140,49,262,56,139,b
1.0,0.0,149,239,76,238,48,245,23,246,22,239,19,224,14,192,13,101,21,52,34,30,52,27,73,27,81,43,113,52,132,100,118,189,g
0.0,0.0,218,104,203,258,230,259,243,266,245,268,237,97,233,269,253,279,253,142,247,126,247,139,255,156,255,280,243,140,242,262,244,262,b
1.0,0.0,94,15,118,147,141,158,104,134,245,175,145,189,134,204,116,204,148,125,139,223,133,234,240,247,105,255,60,265,102,231,101,236,g
0.0,0.0,9,104,12,82,17,100,30,96,44,101,59,97,64,116,69,140,64,142,70,126,69,139,60,156,255,280,44,140,49,141,56,139,b
1.0,0.0,188,115,187,79,223,103,221,113,211,124,225,122,228,129,229,177,248,137,237,159,238,171,234,183,239,178,238,145,237,167,244,136,g
0.0,0.0,218,268,12,82,17,100,30,96,44,101,59,97,64,116,69,140,64,142,70,264,247,263,60,156,255,153,44,140,49,141,56,139,b
1.0,0.0,57,31,91,102,117,121,131,110,76,133,136,119,133,147,154,171,143,114,148,169,153,173,201,210,143,195,101,173,151,173,145,180,g
1.0,0.0,87,268,160,3,150,133,150,156,180,231,138,174,155,175,223,58,163,210,150,211,147,257,255,32,219,232,167,240,242,110,152,206,b
1.0,0.0,105,58,203,9,230,5,161,138,94,9,237,48,233,2,115,147,192,109,240,74,247,206,168,70,226,62,186,154,217,55,244,24,g
1.0,0.0,37,194,35,138,44,176,62,160,64,179,82,198,75,188,63,227,69,213,93,184,82,216,54,227,32,239,31,201,35,219,31,212,b
1.0,0.0,61,77,104,52,100,90,100,127,121,152,118,80,122,127,162,152,138,153,118,114,145,153,129,173,148,142,151,87,173,134,163,119,g
1.0,0.0,16,35,10,130,25,78,29,169,56,101,70,56,71,116,73,126,49,65,81,142,81,150,72,204,79,117,35,98,57,160,66,83,b
1.0,0.0,70,176,89,47,115,118,145,99,145,169,141,96,168,159,192,75,159,99,146,122,148,189,170,109,166,138,155,166,196,116,171,111,g
1.0,0.0,25,233,12,82,5,100,30,96,57,67,59,97,64,116,69,140,64,142,73,248,46,221,47,232,54,153,44,140,60,141,56,139,b
1.0,0.0,141,96,152,66,200,82,196,28,170,55,192,105,197,58,206,108,223,128,206,84,195,94,223,87,213,80,198,91,220,79,224,73,g
1.0,0.0,43,11,12,82,17,100,90,204,117,113,59,97,64,116,81,30,135,72,70,126,69,139,251,48,0,153,22,13,49,141,56,139,b
1.0,0.0,150,120,161,99,194,111,197,39,191,60,205,90,207,66,203,115,217,117,210,87,212,97,197,100,207,89,200,90,206,90,216,80,g
1.0,0.0,9,104,203,155,179,79,30,96,245,10,237,176,233,85,253,3,64,142,247,109,247,84,60,156,255,153,44,140,242,183,221,87,b
1.0,0.0,112,134,136,81,143,107,159,73,181,101,182,65,183,117,191,111,190,89,180,98,200,114,183,115,189,101,195,96,201,117,205,76,g
1.0,0.0,9,104,12,82,17,100,30,96,44,101,59,265,233,233,69,140,64,142,70,126,69,139,60,156,255,280,44,140,49,141,56,139,b
1.0,0.0,54,124,39,42,82,71,96,153,92,135,110,51,102,93,120,109,126,133,122,112,122,133,146,156,127,126,111,162,144,115,156,91,g
0.0,0.0,9,104,12,82,17,100,30,96,44,101,59,97,64,116,69,140,64,142,70,126,69,139,60,156,255,153,44,140,49,141,56,139,b
1.0,0.0,218,259,203,182,42,259,56,250,37,240,37,232,38,210,37,202,35,146,45,96,53,93,49,102,37,95,47,104,51,121,63,123,g
1.0,0.0,9,104,12,82,230,259,30,96,44,101,237,53,64,116,69,140,64,265,247,264,247,139,60,156,255,153,44,140,49,141,244,262,b
1.0,0.0,136,238,69,237,53,244,26,248,19,237,15,214,18,187,12,88,19,44,37,24,56,20,76,21,93,38,129,51,150,113,139,196,g
1.0,0.0,9,104,12,82,17,100,30,266,44,101,237,199,53,62,69,140,64,142,70,126,247,139,60,156,255,233,44,140,49,141,56,139,b
1.0,0.0,144,253,59,250,38,254,17,254,12,229,6,194,9,84,15,31,30,14,60,10,94,14,140,31,171,63,169,191,154,223,107,243,g
1.0,0.0,32,128,20,175,33,233,15,253,39,171,23,183,6,81,54,80,40,36,59,7,75,76,89,116,87,88,85,94,67,185,74,203,g
1.0,0.0,116,244,53,251,30,248,9,236,8,220,5,178,13,36,28,20,46,3,87,4,125,19,188,66,196,196,164,235,110,248,50,258,g
1.0,0.0,72,73,58,88,97,56,118,102,124,66,133,138,123,68,155,184,156,142,141,185,123,152,158,197,145,167,127,165,166,135,162,89,g
1.0,0.0,97,85,90,116,122,162,158,143,167,203,124,98,139,186,253,173,139,177,159,154,131,74,173,94,150,190,86,185,149,170,159,204,g
1.0,0.0,69,204,111,106,136,127,121,37,156,146,149,130,146,153,156,99,140,207,155,176,155,179,147,114,139,198,137,219,139,175,135,179,g
1.0,0.0,86,145,135,83,161,102,173,154,154,127,167,99,169,121,183,89,179,119,178,136,176,144,190,127,167,159,152,198,171,148,168,146,g
1.0,0.0,55,104,32,148,77,138,92,75,77,48,100,124,100,133,99,209,103,204,111,116,105,99,122,147,102,189,102,164,104,192,125,200,g
1.0,0.0,109,166,110,173,120,183,135,195,132,211,115,233,99,237,98,256,86,242,84,249,73,254,48,250,30,263,28,242,26,233,23,229,g
1.0,0.0,218,169,203,183,219,188,162,205,153,223,112,239,108,251,95,267,79,259,85,258,63,258,39,260,22,269,21,251,17,236,16,230,g
1.0,0.0,151,186,146,193,142,199,119,210,108,228,93,244,82,254,77,266,54,252,50,245,41,245,25,241,17,249,15,221,14,200,12,168,g
1.0,0.0,187,202,155,194,164,204,144,212,118,232,103,254,87,266,83,276,63,263,53,261,38,260,23,263,14,267,5,238,2,226,3,208,g
1.0,0.0,168,203,140,200,125,200,111,218,101,233,92,249,78,259,71,272,48,253,39,255,28,248,20,243,13,250,8,222,9,188,8,166,g
1.0,0.0,106,210,67,204,75,209,53,176,61,221,47,206,64,227,50,233,24,221,38,205,31,176,26,131,20,84,23,73,28,62,37,57,g
1.0,0.0,64,7,138,222,148,142,106,165,74,178,106,160,126,183,163,234,123,201,151,215,163,172,131,224,117,242,119,223,121,217,115,213,g
1.0,0.0,218,179,88,32,149,152,139,105,110,62,137,162,115,142,122,123,161,208,170,174,104,164,134,234,118,227,65,226,123,199,148,195,g
1.0,0.0,127,153,121,69,132,76,129,56,119,63,134,70,127,77,104,165,166,149,135,101,136,105,121,79,114,99,130,99,124,99,120,86,g
1.0,0.0,218,158,185,77,212,93,190,74,245,108,219,88,222,104,246,144,224,101,228,119,231,125,249,163,236,127,243,111,228,124,226,116,g
1.0,0.0,52,43,38,31,114,17,142,142,68,34,105,171,97,63,106,174,115,56,134,204,114,183,169,212,129,85,66,57,134,158,126,28,g
1.0,0.0,74,69,107,114,99,193,123,93,128,147,158,18,147,232,138,197,144,211,147,65,170,196,154,218,163,226,150,175,170,201,176,223,g
1.0,0.0,56,71,61,100,95,116,109,124,134,98,144,74,129,125,132,151,149,106,137,196,141,120,119,177,132,158,121,117,145,180,160,93,g
1.0,0.0,91,98,79,55,104,66,155,145,136,151,127,170,117,103,126,119,112,97,149,200,112,205,132,117,106,154,88,105,136,97,99,109,g
1.0,0.0,84,172,109,118,107,144,113,92,160,159,119,127,121,166,178,74,169,95,123,137,149,181,161,101,153,130,180,155,165,107,137,112,g
1.0,0.0,68,81,80,120,88,69,97,128,143,61,116,83,105,162,146,193,130,127,130,133,173,122,133,130,136,157,143,137,157,126,132,170,g
1.0,0.0,53,167,27,129,57,100,108,80,115,117,89,125,103,120,111,95,105,145,103,163,89,211,95,98,91,177,103,206,93,141,108,124,g
1.0,0.0,212,125,165,197,160,191,147,202,151,212,109,230,95,244,96,258,85,247,82,253,79,251,37,256,29,262,29,241,19,228,19,226,g
1.0,0.0,207,196,154,198,153,202,140,214,116,230,95,250,83,261,75,273,51,258,46,257,33,253,21,248,15,254,10,225,8,198,7,158,g
1.0,0.0,217,211,159,211,131,215,99,227,81,254,66,251,57,265,49,261,32,238,23,230,16,224,14,202,8,170,7,88,12,67,14,47,g
1.0,0.0,182,208,181,206,146,212,107,221,85,244,73,261,70,268,51,271,33,250,30,242,14,237,12,228,2,221,2,115,3,80,6,49,g
1.0,0.0,179,219,120,218,94,232,76,230,59,256,43,260,40,256,30,251,8,223,6,206,7,117,8,68,10,46,18,23,25,15,41,12,g
1.0,0.0,156,231,83,227,68,253,27,229,30,234,40,210,32,197,21,191,29,108,7,104,37,44,44,33,55,37,76,32,107,52,121,192,g
1.0,0.0,28,170,25,166,22,190,49,179,55,176,50,164,58,163,59,163,57,150,66,125,61,131,55,141,39,140,42,133,50,136,60,130,g
1.0,0.0,63,18,203,199,128,94,168,171,100,26,130,135,136,179,165,32,175,174,157,209,201,51,155,122,134,94,134,89,68,91,124,84,g
1.0,0.0,119,185,96,131,108,146,64,159,90,173,104,163,96,174,94,158,113,205,100,198,98,195,87,198,73,215,81,205,76,187,80,191,g
1.0,0.0,181,181,139,95,166,115,151,94,173,155,171,113,175,137,170,148,186,157,190,158,192,158,185,164,186,187,204,189,190,169,195,173,g
1.0,0.0,137,139,117,170,225,184,198,47,184,87,196,30,191,184,210,117,205,134,238,51,190,73,214,110,206,128,185,116,187,208,219,178,g
1.0,0.0,102,130,196,144,129,154,146,43,223,118,228,94,223,168,218,162,164,159,192,100,247,139,171,146,193,172,168,134,224,182,183,154,g
1.0,0.0,50,207,16,17,102,108,87,72,112,111,97,187,143,91,130,194,101,197,128,148,126,101,123,136,110,176,135,217,98,86,106,134,g
1.0,0.0,66,191,87,27,165,39,166,123,102,121,135,75,170,57,119,60,191,83,163,123,106,166,141,58,149,79,132,127,141,49,174,66,g
1.0,0.0,125,74,143,44,152,100,143,49,146,46,150,52,159,46,177,66,142,96,186,82,214,121,206,72,178,66,162,64,181,40,173,59,g
1.0,0.0,139,55,131,137,163,132,153,81,155,73,168,55,132,110,209,68,194,162,203,105,239,67,208,89,200,96,203,121,195,94,199,133,g
1.0,0.0,99,41,51,165,124,150,136,34,135,32,187,38,150,143,143,138,146,88,187,66,159,66,165,106,151,86,146,70,111,166,161,128,g
1.0,0.0,48,178,57,90,90,140,94,27,107,107,125,42,131,96,127,85,121,115,119,76,124,92,114,84,131,92,144,124,140,92,150,113,g
1.0,0.0,143,217,95,208,101,218,82,247,58,262,42,259,42,253,25,249,7,226,5,207,6,106,7,71,7,48,14,25,22,18,30,10,g
1.0,0.0,175,225,116,223,96,227,66,255,54,266,41,264,34,255,19,250,4,219,2,164,247,81,6,41,9,19,19,6,32,262,70,262,g
1.0,0.0,146,227,101,225,55,213,39,266,40,258,22,240,25,203,11,232,64,135,8,44,10,48,19,19,21,10,38,4,90,6,59,7,g
1.0,0.0,117,223,85,212,78,222,61,240,41,250,35,246,36,236,20,221,10,170,13,83,20,53,28,34,28,25,56,22,89,30,114,46,g
1.0,0.0,174,229,106,228,79,241,60,261,36,264,30,253,24,242,7,226,3,182,3,64,12,35,22,13,23,6,55,3,105,11,157,20,g
1.0,0.0,115,228,74,224,58,224,57,228,32,238,34,236,27,225,18,208,12,112,21,59,24,36,32,22,38,18,75,19,119,28,169,52,g
1.0,0.0,211,80,191,57,230,55,236,112,219,86,232,62,231,72,241,98,242,87,242,107,234,103,247,112,245,83,223,83,236,82,235,71,g
1.0,0.0,180,90,173,94,205,87,222,90,214,77,224,85,224,90,235,120,235,113,226,120,225,116,231,124,230,112,216,103,225,106,225,96,g
1.0,0.0,202,38,157,80,211,32,235,168,199,103,206,60,200,114,204,100,241,63,247,186,222,112,233,181,237,98,236,72,211,102,234,67,g
1.0,0.0,60,75,178,142,86,33,68,85,103,47,126,188,177,20,125,146,128,163,142,217,204,156,112,200,159,149,160,119,204,84,192,85,g
1.0,0.0,33,21,41,177,62,161,85,162,99,52,108,61,114,205,129,156,82,70,115,106,132,123,107,185,100,81,72,86,108,85,67,30,g
1.0,0.0,59,268,203,219,118,238,89,199,75,268,77,265,49,269,47,278,22,265,24,252,3,236,60,231,0,205,44,81,49,35,244,18,g
1.0,0.0,103,258,132,220,89,228,77,220,60,261,46,262,41,257,33,260,18,246,14,212,8,151,255,62,5,55,9,75,21,21,29,19,g
1.0,0.0,120,251,94,226,72,236,55,234,38,253,31,247,30,230,14,218,5,169,20,55,26,42,27,18,33,22,64,31,109,38,129,62,g
1.0,0.0,177,230,105,232,71,246,54,262,31,265,26,252,20,235,3,217,2,107,4,45,15,24,29,7,34,3,83,5,147,17,188,40,g
1.0,0.0,172,236,92,236,49,252,21,225,25,259,18,248,10,221,2,187,64,161,17,22,27,13,43,4,70,8,123,16,176,32,191,79,g
1.0,0.0,218,197,203,51,230,112,243,30,245,91,237,86,233,78,253,104,253,184,247,91,247,124,255,78,255,109,243,183,242,87,244,95,g
1.0,0.0,194,102,144,28,204,96,169,2,202,153,237,44,230,101,239,77,201,239,247,81,206,104,211,139,203,136,194,129,199,130,197,122,g
1.0,0.0,108,226,68,217,66,221,51,235,34,236,33,241,33,218,17,203,15,98,22,69,30,54,36,35,46,42,69,43,96,65,105,94,g
1.0,0.0,140,232,84,231,56,237,40,249,27,252,21,238,22,215,9,181,6,60,18,34,32,22,45,12,64,16,107,27,152,41,164,78,g
1.0,0.0,154,246,77,241,50,249,24,259,15,249,12,226,8,190,5,78,9,33,29,19,54,6,78,5,128,20,176,38,205,108,194,211,g
1.0,0.0,218,24,203,15,175,48,192,109,245,158,199,134,180,92,144,39,212,131,225,165,247,210,151,54,204,114,243,109,138,152,208,120,g
1.0,0.0,100,112,129,104,156,123,183,117,120,134,156,123,158,151,148,206,202,171,168,173,164,175,159,186,152,194,148,152,155,172,146,177,g
1.0,0.0,128,123,162,101,190,120,208,144,182,157,198,118,196,145,207,157,238,142,212,171,210,177,199,192,208,201,208,187,210,179,211,185,g
1.0,0.0,218,93,203,78,230,85,243,87,245,84,237,82,232,98,251,124,251,121,247,110,247,113,255,119,253,115,242,110,240,111,243,101,g
1.0,0.0,152,78,147,128,183,113,209,126,196,95,208,87,203,135,224,140,232,147,216,135,211,129,217,165,216,165,210,142,216,159,215,151,g
1.0,0.0,157,122,203,72,186,106,175,135,245,125,226,104,226,139,253,125,218,123,201,179,247,186,222,175,238,175,228,158,242,146,231,150,g
1.0,0.0,40,23,62,98,70,148,120,150,66,35,113,169,94,116,131,166,118,160,184,203,100,89,125,179,109,186,92,123,116,164,110,207,g
1.0,0.0,133,234,93,233,60,240,45,239,29,251,27,237,26,219,16,188,16,85,31,43,39,32,53,28,61,36,89,44,129,76,116,148,g
1.0,0.0,153,237,82,239,59,247,25,257,23,247,16,234,16,199,8,112,11,48,28,26,45,17,70,14,86,23,128,36,164,81,158,176,g
1.0,0.0,161,249,73,243,51,257,20,265,14,245,10,221,3,180,4,56,13,25,36,8,62,4,105,6,160,24,205,54,221,177,190,232,g
1.0,0.0,218,268,31,132,31,250,13,258,26,195,4,197,7,67,39,43,31,11,63,264,93,79,175,44,205,108,243,265,113,144,84,259,g
1.0,0.0,218,260,44,195,24,194,10,224,17,209,25,97,31,61,46,28,55,9,121,29,142,49,255,52,173,210,234,245,87,222,69,218,g
1.0,0.0,142,104,177,62,199,88,203,118,192,112,207,102,221,119,253,155,231,132,217,146,221,160,253,176,222,169,217,147,242,161,237,129,g
1.0,0.0,114,160,113,45,187,83,210,103,163,149,211,92,214,116,222,212,234,136,221,134,193,170,227,203,221,193,181,172,227,197,227,139,g
1.0,0.0,98,174,149,93,180,114,185,89,149,154,186,111,186,136,236,179,234,172,199,155,202,157,215,194,198,185,174,118,202,165,203,171,g
1.0,0.0,138,135,153,86,182,105,181,96,218,143,185,103,182,126,195,107,207,158,197,143,198,146,189,126,192,168,192,186,200,151,201,153,g
1.0,0.0,204,111,194,107,230,119,238,114,222,115,223,116,233,140,244,150,249,183,233,157,230,161,250,169,248,188,229,180,241,163,242,183,g
1.0,0.0,218,117,203,97,230,122,240,88,243,99,231,107,233,124,242,143,244,154,239,132,242,147,246,149,249,164,239,151,239,150,240,155,g
1.0,0.0,218,92,203,103,230,98,243,140,233,129,218,110,233,158,248,159,253,166,246,183,236,174,255,190,254,197,241,184,242,178,244,184,g
1.0,0.0,148,235,81,235,64,243,36,256,24,246,24,228,21,213,10,136,17,49,25,32,44,23,61,16,76,26,116,33,142,73,149,156,g
1.0,0.0,159,250,70,246,52,255,18,264,13,242,8,213,2,169,6,47,14,20,41,5,78,2,116,9,177,33,213,76,219,204,178,240,g
1.0,0.0,31,177,21,190,32,234,16,251,35,180,20,180,233,113,52,69,39,32,55,3,84,65,90,91,95,91,87,170,81,206,75,209,g
1.0,0.0,78,254,42,244,23,242,11,232,9,213,7,137,15,30,36,8,58,6,92,18,140,38,177,90,180,235,117,248,79,252,32,254,g
1.0,0.0,22,147,15,184,11,203,19,23,20,136,32,151,50,29,56,34,77,76,102,88,97,88,79,222,51,244,37,220,30,196,21,50,g
1.0,0.0,208,105,203,82,224,99,216,121,232,114,227,114,229,131,226,172,227,180,236,162,247,167,238,184,246,191,232,178,238,171,236,175,g
1.0,0.0,113,59,119,84,176,89,184,50,148,50,177,129,178,70,169,175,181,187,204,118,189,108,178,135,183,129,172,102,177,120,196,145,g
1.0,0.0,35,40,86,68,112,73,105,61,122,56,122,67,116,71,107,55,133,176,124,97,118,102,117,150,94,100,95,97,99,103,95,92,g
1.0,0.0,104,116,141,85,169,104,160,119,168,161,169,100,172,122,190,105,176,168,181,138,181,145,184,153,169,162,161,146,169,149,166,147,g
1.0,0.0,81,91,188,135,80,206,149,95,131,44,94,13,93,238,173,222,182,196,116,39,247,142,148,182,162,225,207,176,148,214,76,235,g
1.0,0.0,118,161,103,23,162,63,204,69,187,166,164,136,166,65,253,129,239,188,205,139,187,168,241,128,199,155,243,199,215,96,220,114,g
1.0,0.0,191,106,179,63,197,81,215,115,226,123,209,139,217,108,240,141,233,186,223,181,226,188,239,161,235,181,222,179,230,138,223,165,g
1.0,0.0,190,103,166,60,206,75,220,122,213,110,200,121,211,106,231,149,228,148,219,178,215,165,237,168,228,171,221,156,226,145,228,131,g
1.0,0.0,162,87,193,70,207,72,178,97,189,81,193,88,194,89,217,133,189,86,211,141,223,127,226,137,218,103,197,79,233,123,218,74,g
1.0,0.0,124,187,102,48,177,145,193,44,158,139,163,95,165,109,202,118,211,120,194,92,171,155,213,96,188,119,183,135,186,109,212,105,g
